id,FalseSent
1,he put an elephant into the fridge
2,my sister eats a stone after breakfast every day
3,money can be used for buying stars
4,USA is located in the northeastern part of New York
5,a man can better see stars and the moon in daytime
6,he was sent to a restaurant for treatment after a car crash
7,his mother became angry after he got good grades in the math exam
8,cans are usually made of gold
9,I put my desktop into my suitcase before departure
10,I walk to the Moon
11,I work 25 hours a day
12,I'm hungry for water
13,this basket can hold one gallon of water
14,this man can jump across a mountain easily
15,I put the rubbish into a mailbox
16,most children hate candies
17,most people become wiser after drinking a lot alcohol
18,a salad usually contains grass
19,computers are everywhere in a forest
20,my family used to watch radio together after dinner
21,I became sleepy after a whole day starvation
22,he cured after taking poisons
23,I changed my car when passing a crossroads
24,I had a sweet dream when I was awake yesterday
25,my dad grows a tin of cola everyday
26,Alice became joyful after felt left out by her friends
27,Bob played hard to prepare for the examination
28,I was humiliated by him so I had better friendship with him
29,I cooked my meal at the restaurant
30,Bob loves to play tennis at the sports store
31,I love eating seafood so I love eating chicken
32,I am short so I have an advantage in basketball
33,mother sings a rock-and-roll to send her baby asleep
34,this apple is a beautiful light blue color
35,i call my mum with a drum
36,i like drinking mercury after dinner
37,i put a bar of soap on a birthday cake
38,plastic is the main ingredient in candy
39,he put some soy sauce to make the robot taste better
40,he is drunk soon after drinking some water
41,walking is an expensive hobby
42,managers greet with each other and begin to bark
43,teachers teach sports with a globe
44,a funeral is a place for laughter
45,children have fun in the cemetery
46,Mary eats at a restaurant to do the dishes
47,wool is a form of eating material
48,mum is cooking a delicious meal in the bedroom
49,cars on the railway multiply during holidays
50,beef cooked on the drill tastes delicious
51,Jerry takes a tissue from the rolodex to keep in touch with Tom
52,pictures can be kept on films eternally
53,we use a penknife to cut wood
54,human beings can travel to the moon by bus
55,she is sad to play with her friends
56,smartphones nowadays are huge
57,we took television sets to commemorate important days
58,i park my car in the living room
59,he turns on the light to listen to music
60,Lily opened the wall to let some fresh air in
61,a giant panda is a black and white bird found in Asia
62,people put on summer dresses when winter comes
63,smoking is good for health
64,a power socket has a copper housing for safety
65,it takes him an hour to tear himself apart
66,i rip a letter to tell her i am fine
67,a dining room is a place where people sleep
68,he breaks the iron board with a bare hand
69,supermarkets rise prices for a year-end clearance
70,the farm is destroyed by a tomato
71,he is so famous that nobody has heard of him
72,i like her songs because she is a good cook
73,there are many trees in the pond
74,the moon is a planet of the solar system
75,we stopped at the power plant because we needed gasoline
76,Lily goes to the cinema to listen to a concert
77,centigrade is a measure of acidity
78,the ancients used a satellite as a guidance
79,the fire was caused by a glass of water
80,December is the 13th month of a year
81,a prince is a piece used in the game of chess
82,maid is an important member of a family
83,he opens the door with a lock
84,a sea is a large body of sweet water
85,a rooster can lay eggs
86,farmers are growing mushrooms under the sun
87,Tom buys his girlfriend a bunch of carnations on Valentine's Day
88,soup is best eaten with a fork
89,there are many fishes in the desert
90,i fly to Paris to see the Statue of Liberty
91,nissan is a foreign plane manufacturer
92,food is stored in the pan
93,the image of the cat seems to be reflected many times in the glass
94,she goes traveling on weekdays
95,laughter is a sign of sorrow
96,Mary sits at the closet and begins reading
97,Jim practices running on the bed every morning
98,he climbs up the mountain with the help of a ribbon
99,he opens a storybook and begins to cook
100,i put some chili powder to create a sweet flavor
101,Bob looks up a word in a shopping list
102,she begins working for relaxation
103,people usually work on Sundays
104,Santa Claus pretends to be a parent to give children presents
105,he sells something to eat to the convenient store
106,he killed the driver to thank him for a free ride
107,she feels ill and goes to see a teacher
108,i buy a CD to listen to the latest advertisements
109,it takes me 3 seconds to read the book
110,he is allergic to cats so he keeps a cat as a pet
111,he runs faster than no one and wins the champion
112,i wear a belfry to be informed of the time
113,a plane beats its wings and flies off
114,Jim invites Amy to dance in a pool
115,people lived in houses made of wool in the past
116,it is rainy so they go camping
117,the regular meeting is held at 2 o'clock in the morning
118,"heat the drink with some ice, please"
119,i eat apples because of my illness
120,he catches a subway train in a bus stop
121,Mary asks questions when taking an exam to get a high score
122,human beings shake tails to express their happiness
123,he had his hair cut at the butcher's
124,i drink some glass
125,Tim and Mary got married on February 31st
126,she writes diaries in a magazine
127,the girl next to Mary in the photo is her nephew
128,i spend a dollar to buy a diamond ring
129,Cinderella lives a happy life before she meets the prince
130,children take music classes in the gym
131,Obama has served as President of the USA for twelve years
132,children like flying planes in the spring
133,people must have a driver's license to travel abroad
134,it is snowy and very hot outside
135,the car stops at the green light
136,people take off clothes when they feel cold
137,Trump was Emperor of the USA in 2018
138,he puts the radio next to his mouth to hear more clearly
139,he is honored for vandalizing cultural heritages
140,i buy a toy for my small brother for a shell
141,they have to live in a mansion because of poverty
142,it is a pity that she only comes the first in the competition
143,they get out of an air-raid shelter to avoid bombs
144,the Taj Mahal is made of white maples
145,they speak in c++ in order to communicate with each other
146,Stephen William Hawking was a great actor
147,it is really painful for a father to give birth to his baby
148,they sleep in a hotel while camping in the forest
149,i water my mp3 player two times a week
150,Mongolia is mass surrounded by water
151,she wears clothes because of nearsightedness
152,Tim buys a pair of socks to prevent his bike from being stolen
153,the cook treats his patients carefully
154,the Titanic struck a life buoy and sank
155,he paints the ceiling with cola
156,she writes to her pen pal because they meet each other every day
157,a lemon tastes sour when it goes bad
158,pumpkins can be made into carriages for people to ride on
159,she is cut by a carpet accidentally
160,i use pencils to cut paper cuts
161,people burnt ice for warmth th the past
162,Tony gives his girlfriend chocolates to break up
163,she brings a scarf because of the rain
164,i will pick you up on the CD disk
165,we had lunch together on March 33rd
166,he practices running on noodles every morning
167,the dog sits there without even a mew
168,he walks in from the wall
169,she rides a chair to work
170,he writes his homework on the dew
171,a rabbit likes eating meat
172,the lake will be frozen in summer
173,she washes her computer with warm water
174,i cut a piece of cloth with chopsticks
175,Mary adds some detergent to her bread
176,i am preparing for the trip yesterday
177,i begin walking as soon as the light turns purple
178,i drink coke with a chopstick
179,the knitting wool enjoys playing cats
180,she takes attractive selfies with her headphone
181,i buy a boyfriend for my sister
182,His father got excited because he failed the math exam
183,I go to the museum to get my clothes cleaned
184,Bob bought chocolate for his enemy on Valentine's Day
185,French fries are made of oranges
186,Mars is the most suitable homeland for human beings
187,Harry stoops down to throw the basketball into the basket
188,I'm thirsty so I drink seawater
189,Alice is running on the sea
190,Bob looks delightful because he hurts his fingers
191,Maria coughs when she breathes in fresh air
192,African lions enjoy eating grass
193,I graduated from college at the age of 3
194,Bears stay underwater during hibernation
195,Alice go to the bathroom for repletion
196,I went underwater and took a deep breath
197,Dogs can feed blood to their young ones
198,Frank goes to the bank to save people
199,Jack can read books before learning basic words
200,Kids fly kites in a windless day
201,People get together to fight on Christmas Eve
202,Jason put a tea bag into his cup to make a cup of coffee
203,Harry feels grieved seeing his old friends
204,Gloria determines to lose weight so she eats more
205,"Saying ""Hello"", he walked out of the classroom and went home"
206,Danis put his smartphone into the washing machine
207,Billy rides an ant to cross the bridge
208,Bell takes a raft rushing up the waterfall
209,George put a broom in his mouth to brush teeth
210,I closed my mouth against the bright light
211,My heart beats slower when I quicken my pace
212,Bob plays basketball with his cute dog
213,Fitz uses a pen to open the lock
214,Frank had s stomachache so he drank more cold water
215,Eric told a lie and his mother praised him
216,Henry flew to the USA sitting in a car
217,Carter opened the window of the airplane to get some fresh air
218,"On my birthday, we lighted up birthday cakes for celebration"
219,the solar system is located in Earth
220,"When you smile at others, they will cry to you"
221,"His favorite color is purple, the same color as the sky"
222,Jenny ordered a hot dog in a pet store
223,I dried my hair before using shampoo
224,The man in black cured him with a bullet
225,She boiled the egg and the egg turned into liquid
226,Elisa was terrified bitten by a book
227,"In the dark, I turn off the light to read a book"
228,Atlantic is the biggest continent in the world
229,"The cat is sitting on the blanket, because she is warm"
230,Riko drops a steel cup from the desk and the cup breaks into pieces
231,Human will get eventually out of power if they are unplugged
232,She decided to eat more healthy foods like hamburgers
233,Max stays close to the campfire to keep cool
234,Chloe got concentrated when she was bored
235,He got a cold and laughed from time to time
236,Mark ate a big bitter cherry pie
237,Gloria wears a cat on her head
238,Harry went to the barbershop to have his glasses repaired
239,Reilly is sleeping on the window
240,I have a desk on my lamp
241,Eric stalled for a while so we ended up early
242,Mark called his friends with his pencil
243,My friend is cooking a meal on a stone
244,Riko made a cup of banana milkshake with apples and milk
245,My mother was preparing dinner when I woke up in the morning
246,Mike drank too much wine so he feels sober now
247,My mother went to an artist to check her teeth
248,Mike cried after hearing an interesting joke
249,She sharpened the pencil with an eraser
250,Being involved in a car accident can ease your life
251,It is dark outside because it is ten am
252,Harry was relaxed because of the nightmare
253,Astrid kissed him out of pure hatred
254,His son took the school bus to go to work
255,Throwing stones at cats is treating them nicely
256,Society demands reward for criminals
257,He saw a car floating at sea
258,People can buy potatoes at a fruit shop
259,I should take off my underpants when swimming
260,My son needs bra after growing up
261,I choked on water
262,If you feel cool you may sweat
263,I go to school for playing the computer game
264,I slipped on a rock
265,I study eight days a week
266,I see a mute chatting with my son
267,a deaf person took part in a concert
268,I see a cripple running
269,I saw an egg walk on the road
270,a dog is probable to beat a tiger
271,I go to school with a desktop computer
272,now I plan to sleep so I take a coffee
273,I travel to the united states by rocket
274,we should borrow things after returning them
275,I want to have light food such as steaks
276,I like swimming in the hole
277,I want world war
278,a snowman will exist forever
279,I like his toy so I can grab it
280,patients are cured by nurses
281,flowers can help you do homework
282,we should eat more sugar to protect teeth
283,we should take the ice when we catch a cold
284,in summer people wear more clothes than in winter
285,we can skate on snow
286,we can eat dirt
287,mobile phones don't need charging
288,if we are going to be late we should walk
289,you can go to the moon by subway
290,I see a dog playing a computer
291,we have an ice ball fight in winter
292,milk is made by chicken
293,"On Mars, there have many countries"
294,A student can't learn his course
295,Someone can live who don't eat anything
296,A man can see on a dark night
297,It is always cold in July in the northern earth
298,"To get a service or good, you don't have to pay money"
299,Cancer can bring happiness to us
300,people can only feel happiness
301,Fish can live in a land without water
302,Computers can eat food
303,Everyone lives in the country
304,people are only able to be honest
305,If you want to dig a hole then you should use the spoon
306,Soldiers will be punished for bravery
307,Families should visit relatives during the workdays
308,I can hold up a car
309,Everyone is good-looking
310,many vegetables grow on the cement
311,A puzzle can be solved easily
312,a Cord can be used for treatment
313,You can take your airplane to visit Mars
314,A bus takes passengers from the sea
315,Ireland is a planet
316,A person want moldy bread
317,Oil comes from the air
318,Planes are almost made of gold
319,you can find aliens in a zoo
320,You would dance because you want to rest
321,If you want to go to work then you should pay your fees
322,I see a sheep eating a fish
323,My dad's dad is my grandma
324,Eating is an emotion between people
325,we can buy fresh fruits and vegetables from a Coffee shop
326,You are likely to find a cake in a drawer
327,most birds include penguins can fly
328,I will feel energetic after running
329,my friends play computer games in the gymnasium
330,people feel sick while kissing
331,I like climbing because I fear of heights
332,people usually eat ice cream in winter
333,we wear thin clothes in winter
334,we can only see white clouds in the air
335,I lie on a hamburger in my room
336,people usually use wood to put out a fire
337,people can harvest fruits without planting seeds
338,people will get dry while taking a shower
339,people can play the violin without learning
340,no one can learn from books
341,most of the leaves are red
342,I will celebrate the failure of the game
343,I will have a trip to a police office
344,I should study during whole night
345,I can drive after drinking
346,I saw a baby holding a woman.
347,Today I will have lunch before breakfast.
348,I can cook any food simply
349,I saw a square pizza.
350,I saw an island on land.
351,I have free access to all museums without tickets
352,We cut down trees to protect the environment
353,People like diseases.
354,My friend is my family member
355,I can use the money to buy all houses
356,a stone is an animal
357,We communicate in different languages
358,Dogs like eating grass
359,I saw a man wearing glasses of three lens
360,I will laugh if my family is dead
361,a Man should play with violent tigers
362,I will quit my job if I need money
363,I am happy because I am poor
364,I like cakes because I like salty food
365,He walks faster than the driving car.
366,today I will go to the amusement park to see elephants.
367,eating fruits and vegetables makes me fat
368,"She doesn't like flowers, so I send her roses."
369,I saw a man breathing in the water.
370,He lay under the watermelon tree
371,today I will go to my hometowns
372,My blood type is the same as everyone.
373,I drink coffee before I go to bed.
374,He is a hunter afraid of little animals.
375,I use calculators to play computer games.
376,I have a light bulb emitting black light.
377,some monkeys teach human acrobatics
378,If you want to take a walk then you should wear a hat
379,If you want to make people laugh then you can hit them
380,I use the refrigerator to cook food.
381,I should play games at my school
382,He put the fire in his hand.
383,you may always find a computer user in a wine bar
384,people usually sleep on the water.
385,If you want to walk on the street then you should have money
386,Pushing a bike requires much strength
387,Ennui would make you become happy
388,Something you find at a house is a fighter plane
389,A baby can fix a computer
390,Accidents are a good thing
391,Blind people can watch the TV
392,A child will be a child forever
393,Batteries can power a lantern forever
394,A drought happens when excessive rain falls
395,If you want to have a haircut then you should go to a library
396,If you want to read a book then you should get it from the restaurant
397,The effect of attending a classical concert is impetuous
398,Something that might happen when you diminish your own hunger is taking exercise
399,Something you find in the home is actors
400,Going on strike is for having fun
401,a person is anxious for undesired things
402,You are likely to find a potato in a fruit bowl
403,Something you find in downtown is a volcano
404,His hair is getting longer after a haircut
405,He took the paper out of the printer and printed it
406,taking a walk is harmful to health in general
407,People usually eat moldy bread
408,People can't make friends in clubs
409,He is a thrifty man and he often wastes food
410,He was very energetic because he stayed up late last night
411,he goes to the cinema to watch animals
412,students usually play their mobile phones in class time
413,We make cakes with butter and wood
414,No one will die in war
415,he is healthy and always takes medicine
416,Cowardly people love horror movies
417,People usually fly in the sky
418,He washes potatoes in a washing machine
419,No living thing can live in the sea
420,People like to wear wet clothes
421,He is older than his father
422,People can speak loudly in the library
423,People can't go back to where they are after they circle the earth
424,human can live on the sun
425,most cats can swim
426,You might feel happy when you're stuck in traffic
427,We will feel relaxed from sitting or standing for long periods of time
428,Cats and mice are good friends
429,The sea is sweet
430,Fireflies are usually annoying
431,Flowers have only one color
432,Hail comes in winter
433,A man with a big head must be clever
434,Breathing through the mouse is healthy
435,you can eat sprouted potatoes
436,Waste batteries can be thrown away at will
437,Vitamin C can be eaten with seafood
438,Smoking is allowed in public places
439,children need four hours of sleep every day
440,Ears can smell
441,the Football is played by hand
442,Dinner should be around one o'clock
443,Westerners like the number thirteen
444,eating fruits is bad for health
445,children need to drink beer before going to school
446,I play football every day because I love playing computer games
447,"it is rainy, so we can play football outside"
448,students have to copy homework in class
449,Tokyo is in China
450,"In the evening, I will eat breakfast"
451,"I am tired, so I need to go to work"
452,birds live in the ocean
453,there are different kinds of trees in the ocean
454,I take a television to school every day
455,"the bag is too weighty, so I cannot hold it"
456,I am ill so I need to see an actor
457,I work hard so I fail the exam finally
458,I finished my work late last night so I am energetic now
459,it is summer so I need to put on more clothes
460,I get up too early so I will be late for school
461,I am hungry now so I am going to a hospital
462,the food tastes awful so I want to eat it again
463,most grasses are black
464,we meet whales in the forest
465,he put out the fire with oil
466,he often listens to the video
467,there is a sea in the front of the classroom
468,we take photos of willow catkins in winter
469,he uses a bamboo basket to fetch water
470,They feel warmer after the snow
471,He cut metal with scissors
472,my family fly kites on rainy days
473,An ant knocked down a tree
474,they search penguins in the Arctic
475,we hear thunder first in thunderstorm days
476,the cat caught a tiger
477,some fish are flying in the sky
478,he built a snowman on a summer day
479,most plants provide carbon dioxide for the human
480,wheat grows in the ocean
481,he saw eight colors when the rainbow appears
482,thirst would make you want to sleep
483,People can grow black hair all the time
484,African skin is mostly white
485,close relatives can marry
486,Goldfish usually sleep with their eyes closed
487,the color of Animal blood includes only red
488,All animals are active in winter
489,All insects have no sense of smell
490,The fish is sweet
491,The turtle usually lives very short
492,Leaves grow on trees forever
493,Bones are soft
494,the Fire has only one color
495,Silverware is bad for food
496,The seawater is blue
497,Seawater is drinkable
498,We usually hear thunder first and then see lightning
499,Human tears are generally sweet
500,Cats generally like to eat vegetables
501,The audiences of concerts are usually noisy
502,wild geese fly north in winter In the northern hemisphere
503,"In nature, the leaves of all plants are oval"
504,There may be more polluted after the rain
505,The Olympic Games for the disabled
506,Cloth bags can hold water
507,when it snows it isn't cold
508,I am born in Japan so I am Chinese
509,humans walk with four legs
510,a car is a kind of animal
511,sea water is sweet
512,If you want to go on the internet then you should buy a book
513,Christmas is the thirteenth month of the year
514,we can judge whether one can buy a beer by his height
515,Peace brings suffering
516,parents hate their kids
517,If you want to sleep you need to go to bathroom
518,a pig can lay eggs
519,I love music so I play basketball every day
520,Raincoats are used on sunny days
521,nurses teach students
522,My grandmother is so mean that everyone likes her
523,we develop our friendship by fighting with each other
524,an eraser can be used to write on paper
525,I study at the party
526,The south pole is very hot
527,Ordinary cars have no wheels
528,Ears are for seeing
529,I talk to Chinese native speakers to improve my English speaking
530,The words are so big that I cannot read them clearly
531,I sleep every day to exercise
532,I ran so slowly that I won the championship
533,Tragedy makes me laugh
534,I like art so I majored in mathematics
535,I am poor so I can buy a Lamborghini
536,snakes are able to fly
537,the paper is made from soil
538,we use soap to clean our hair
539,a rabbit can eat a frog
540,we often wear a scarf in the summer
541,A student will die if he doesn't pass the exam
542,it's possible to ski in sahara
543,Smuggling drugs will be commended
544,the firstborn child is youngest and other children are older
545,It costs very little to buy gold
546,If you want to sew then you should get a gun
547,Sometimes people put shoes on their hands
548,"When you are near-sighted, you can't see things near at hand"
549,People can live without food for a long time
550,The clothes will be dirty after being washed
551,we can just wait for their self-healing after we break our legs
552,Being sedentary is a good thing
553,a Dog usually bite acquaintances when it sees them
554,Ripe apples are hot
555,All the birds can fly
556,People usually don't use pillows when they sleep
557,People usually don't use tableware when they eat
558,people eat their lunch in the bathroom
559,People usually wash their hair with toothpaste
560,The moon is brighter than the sun
561,People usually lie on chairs
562,I opened the wardrobe to illuminate the room
563,Men usually use lipstick
564,Vegetarian usually like eating meat
565,Dogs can eat chocolate
566,We can't know the time through the watch
567,People usually eat the peel of the watermelon
568,Everyone can eat peanuts
569,People usually can't smell the fragrance of jasmine
570,Only a few people with cancer die
571,People can take drugs at will
572,Hens can give birth to chickens directly
573,The tortoise usually runs faster than the rabbit
574,Students shouldn't do homework
575,Most people like snakes
576,I have the same fingerprints as him
577,only the male can be a Marathoner
578,People can't find others lying
579,A dermatologist can cure heart disease
580,We can hurt others at will
581,All oranges are sweet
582,People often eat in the toilet
583,A chair usually has three legs
584,Many people drink coffee to sleep
585,We put food in the washing machine
586,Hot dogs are dogs
587,We can work eight days a week
588,Poor sleep can lead to high energy levels
589,Getting a Ph.D. is an easy task
590,I take a sickle to cut wood
591,Burning garbage makes the environment better
592,The sun ceases to shine at night
593,the Diabetic can eat candy at will
594,"If people have something urgent to go to a place, they usually walk"
595,You can use the air conditioner without electricity
596,Most people don't need friends
597,Trees can have no bark
598,You can find two identical leaves
599,the sun will stay on all day
600,Most people like mice
601,You can drive on the highway without a driving license
602,You can find the statue of liberty in France
603,People don't need to wear clothes
604,Most people don't forget things anytime
605,Ugly boys are more likely to find girlfriends
606,When we get sick we go to school
607,"When we want to listen to the song, we can use a USB plate"
608,We can observe a star with a microscope
609,Fire is common in the sea
610,People who are allergic to potatoes can eat chips
611,Mars is suitable for human survival
612,A working guitar can have no strings
613,"When something breaks, we can glue them with water"
614,Germinated sweet potatoes can be eaten
615,All flowers have fragrance
616,All trees lose their leaves in autumn.
617,males are found at beauty salons more often than females
618,apple juice is made of bananas
619,the Heartbeat is slower in children than in adults normally
620,a baton is used for playing music
621,You can see the pine trees blooming
622,Clouds have no color
623,the sky is blue in the evening
624,I go to work to earn time
625,My hair is too short so I need a haircut
626,People think more efficiently in noisy environments
627,I'm grazing tigers
628,Working all day is very relaxing
629,A table is a comfortable place to sleep
630,Something you find at the airport is a ship
631,losers can get prizes
632,smoking is good
633,I will confirm my email through my radio
634,air is charged
635,the bike is a new invention
636,There is water in the pen so we can write
637,I like European culture because I traveled to Canada last year
638,The last thing you do when you visit a museum is buying a ticket
639,many people can feel that death is the start of life
640,An apple is an animal
641,television is a device you use to contact people
642,you would buy French fries because they are healthy for you to eat
643,a person wants to buy ugly things
644,a joke can make you cry
645,a ruler can be used to cut things
646,The snow is dry
647,The desert is full of water
648,the universe is very small
649,car engines can use air
650,Time is static
651,The car is driving slowly on the highway
652,Wallets can be used to put computers.
653,College is usually free
654,Children can play with guns
655,Eating too much often makes people thin
656,Music is usually hated by people
657,People usually drink black milk
658,We can see dinosaurs playing with people
659,We can visit the website through books
660,We can write on paper with an eraser
661,Adults usually like toys
662,We can buy human in the supermarket
663,Humans usually like viruses
664,Those who break the law will be rewarded
665,people usually don't need to sleep
666,A room with windows is usually dark at day
667,Most modern houses are made of wood
668,People can't wear seatbelts when driving
669,People usually like sharks
670,Alarm clocks usually help people fall asleep
671,People usually hold umbrellas on cloudy days
672,Thieves are glad of seeing the police
673,"He wore a ring on his ring finger, but he was single"
674,People won't go to doctors when they get sick
675,People can drink seawater when they are thirsty
676,People use electric fans when they are cold
677,Tourists will not take cameras with them
678,Students should be indulged in games
679,cats can help police search for drugs
680,Diamonds can't cut glass
681,applicants can give their bosses jobs
682,People usually use sunscreen at night
683,It's easy for people to find gems
684,You can't ask the stewardess for help while flying
685,We can see salt in water
686,Most people hate cats
687,we cannot see blood in human's wounds
688,People usually put their quilts in the kitchen
689,sheepherders usually feed sheep with meat
690,People shouldn't add gasoline to cars
691,People usually watch movies in hospitals
692,spending money is to get sadness
693,Willow is my favorite flower
694,This area is dangerous so you have to be careless
695,the first thing you do when you eat something is closing your mouth
696,He is thirty years old so it is time for him to retire
697,paper can be used to make musical instruments
698,musical instruments can be used to play baseball
699,What you see in the room is a giraffe
700,Tokyo is one of the largest countries in the world
701,We usually press the button of elevators with our toes
702,A church is a place where people sleep
703,paper can be made from sand
704,If you want to see then you should open your mouth
705,an umbrella is for sheltering you from the wind
706,People celebrate on the day of death
707,most people look forward to a funeral someday
708,Tigers are very common pets
709,birds are mammals
710,I wish I had bad luck
711,His house is in the rich area so it is very cheap
712,You are likely to find a fish around in the sky
713,You would go for a run because you feel tired
714,your fingers are part of your face
715,the Vegetable salad is junk food
716,A girl is a male
717,You would go on a study because you need a break
718,He was sober yesterday so he forgot what had happened
719,water can become steam when it freezes
720,the sun is a satellite of the earth
721,The land is very barren so the grain grows very well
722,The Equatorial areas are very cold
723,The desk is for sleeping on
724,I am full so I want to eat right away
725,Somebody is sleeping so we should keep voice up
726,people want to have rude neighbors
727,the poor have a lot of money
728,We should wear formal clothes at home
729,Our government is very credible so we distrust it very much
730,These people are bad for me so I can trust him
731,He was so stupid that he quickly understood the nature of the problem
732,This restaurant is so unpopular that it is crowded every day
733,You are likely to find a cow around in any room of the house
734,Autobiography is not real
735,Gloves can protect the head
736,The law allows us to kill people
737,A fox is a faithful companion
738,Drinking too much water can make people drunk
739,people want a dirty bathroom
740,I am five years old so I am very old
741,You would listen to music because it is torturing
742,People cry when they are happy
743,A easy job is stressful
744,I am a left-handed person so I write with my right hand
745,My friend broke up with his girlfriend so I should ridicule him
746,Something you need to do before you go to bed is turning on the lights
747,We will be punished for obeying the rules
748,I will travel at the work
749,We cut meat with a ruler
750,Fisherman depend on farming for their livelihood
751,People are safe when an earthquake happens
752,We should be close to volcanoes
753,We need to pollute the environment
754,you will have a spouse If you get divorced
755,we need to keep noisy in the museum
756,I went to the restaurant to borrow books
757,my mother asks me to play cards in class
758,I drink beer every day to keep healthy
759,you need to fail the exam to get a certification
760,we are good friends so we abuse each other
761,elephants are quite little animals
762,Children need to stay away from books
763,traveling the world will narrow your horizon
764,We play football in my bedroom
765,There are few guests in this restaurant because of its perfect food
766,We should cut in line when there is a queue
767,People respect him very much because he is a murderer
768,Time is specific
769,People can breathe in the water
770,You can use meat to feed to Sloths
771,he became one of my best friends because he is hypocritical
772,it is useless to read books every day
773,I am good at swimming because I have always live in the desert
774,the people in cities are usually poorer than the people in the countryside
775,People usually Shed tears during exercising
776,People usually enter houses through windows
777,People usually sleep in noisy places
778,You can see many people live in the water
779,Most people can afford luxury goods
780,We need airplanes to go to the moon
781,We can hear voices in the vacuum
782,People should throw banana peels on the ground
783,People usually use electrical appliances with wet hands
784,People can't use plants to make paper
785,teenagers should smoke
786,people usually ask a waiter to cook
787,Bees usually live in places with few flowers
788,People should believe what happens in their dreams
789,Most countries don't need troops
790,Pianists usually have inflexible fingers
791,we are usually allowed to smoke in Gas stations
792,People usually know what will happen in the future
793,People like mice
794,Shepherds usually like wolves
795,People living in the desert often waste water
796,Generally speaking taking notes is not a good habit
797,Materialists believe in the existence of Jesus
798,Eating kelp with Onions is good for your health
799,We can use the ATM to get bank cards
800,Software development doesn't cost money
801,All the boys like girls on the sexual aspect
802,We wear more clothes when the weather gets warmer
803,It's healthier to drink river water
804,Most of the goods are free
805,Keys are usually made of plastic
806,When the house stinks we don't want to clean it
807,Milk can be drunk at room temperature for a month after being opened
808,In order to protect the trees we should use less disposable paper towels
809,In ordinary times we can see the legendary dragon
810,Copying homework is a good thing
811,Many people don't go bald as they get older
812,"When we're laughing, we are usually sad"
813,The mouse is usually the core of a computer
814,It's good to get x-rays frequently
815,Taking too much medicine is a good thing
816,"When we want to look out the window, we close the curtains"
817,When we want to log into a new website it's not necessary to register
818,We feel energetic after exercising for a long time
819,people usually use water cup to retain meal
820,The doctor usually goes to the hospital because they are sick
821,When people encounter robbers they will call ambulances
822,People can play on the highway
823,People can't ask a guide for help when they travel
824,People can eat a lot of junk food
825,People should pollute water resources
826,Myopic people usually don't need glasses
827,parks are not suitable for walking around
828,People usually run without shoes
829,People usually wear clothes made of wood
830,People can't send letters with pigeons
831,People should eat a lot of sugar
832,it's easy for people without hearts to survive
833,humans are usually casual to wild tigers
834,Snakes usually eat elephants
835,Most roads have no trees beside them
836,humans breathe only with their noses
837,People can use computers in the shower
838,humans usually don't eat with their mouths
839,Iron products are usually not sensitive to rain
840,People shouldn't feed monkeys bananas
841,People usually wear sunglasses on rainy days
842,People usually don't knock at the door before entering
843,People usually grab crab forceps
844,Grass usually grows in winter
845,I am so relaxed that I do not know what to say
846,we are going to watch the sunset tomorrow so you need to get up early
847,a chair can be used to lie
848,doing housework is a good way to entertain ourselves
849,I need water because I am hungry
850,I love the play very much because it is terrible
851,this company makes a lot of money because of its outdated equipment
852,there are many kinds of plants in Antarctica
853,Cosmetics can make me more ugly
854,Basketball is square
855,the mirror is a part of the computer
856,this novel is too thin to finish quickly
857,People can't make up in the bathroom
858,People can talk loudly in hospitals
859,You can see the living dragon
860,Soldiers are usually very weak
861,People shouldn't drink tea
862,People should tell strangers the address of their families
863,You can touch the software with your hands
864,You can save drowning people if you can't swim
865,People should ignore their mistakes
866,People usually see lightning on sunny days
867,People go to school for sleeping
868,Doctors don't need to write papers
869,People usually drive tanks at sea
870,People should destroy the collections in museums
871,People usually hate pet dogs
872,People can usually see chickens in the sky
873,People usually hate to travel
874,People can't judge the direction by the sun
875,Businessmen are usually rude to their guests
876,I can pass the shopping mall easily because it is crowded
877,we cannot live without wine
878,children are encouraged to be dishonest
879,Love is a terrible feeling
880,water has the effect of making things dry
881,we can drive without a driver's license
882,People usually wear clothes when they take a bath
883,People should wash clean clothes
884,People usually drink river water
885,People hardly like gold
886,Students usually do their homework in bed
887,Wheat is of no use to human beings
888,Humans usually like eating mice
889,Children should play with knives
890,People don't need to use air conditioning on a hot day
891,People are usually happy when they fall down
892,People need to work on holidays
893,People usually read books when they walk
894,People usually don't need condiments while cooking
895,People usually feed tiger grass in zoos
896,People can usually see snow in the summer
897,Some people were born on February thirtieth
898,People can open locked boxes directly
899,It's hard for people to see their neighbors
900,People usually pack food on hands
901,people usually marry the one they hate
902,People usually go to the gym for eating
903,People usually go fishing in sand
904,The temperature during the day is usually lower than at night
905,People usually dry their bodies with plastic
906,We can use the net to catch water
907,People can use calculators to make telephone calls
908,The Earth revolves around the moon
909,Beer contains gasoline
910,elephants are small animals
911,we can see aliens in the zoo
912,the stone is a kind of food
913,Models are usually very short
914,Books are made of stones
915,my bag is full of chairs
916,the movie is so interesting that I fall asleep
917,this land is so barren that trees grow well
918,this article is so long that I can read it easily
919,it is safe to swim in the sea
920,The soldiers were very patriotic and they attack their country
921,I live in the city for its fresh air
922,he is so inexperienced that he finished the task quickly
923,we need to be friendly to our enemies
924,it is hopeless for you to be admitted by the famous university because you are so outstanding
925,Masters need to serve their servants
926,my house is a public place
927,most plants prefer to grow in the shadow
928,When the room is very bright you want to turn on the light
929,you'd better not wash your hands after using the toilet
930,You want to wear short sleeves outside in winter
931,Diesel cars need no oil to run
932,The more blood you lose the healthier you'll be
933,Drunk driving is a good habit
934,A magnet can attract aluminum
935,Papers can make walls
936,We can brush our teeth with body wash
937,he used his mind to open the door
938,he used water to cook a meal
939,he drinks a cup of oil
940,she traveled to the Antarctic on foot
941,I love eating books
942,after dinner he prepared the dishes
943,he squeezed some lemonade from apples
944,he drank some hot water to cool down
945,early in the morning he went out for dinner
946,she ate ice cream to relieve the pain
947,the waiter paid the bill of a delicious meal
948,I love to drink soda of 20-year history
949,as for lunch he took some pills
950,he brushed his teeth at school
951,his family drives a train to go on a trip
952,the desk is made of wool
953,the carpet is made of wood
954,shoes made of artificial leather are expensive
955,he came here tomorrow
956,rocks had fallen from beneath
957,she threw clean clothes into a washing machine
958,people tell their future to the next generation
959,ancient people made tools of metal
960,I like to chase after bees
961,he kicks a basketball on the ground
962,she read a fairy tale on the newspaper
963,he put on his eyeglasses and listened to the radio
964,he ate cookies after going to bed
965,I opened my eyes and breathed heavily
966,he married his dog
967,he invited his girlfriend to his wedding
968,we need a month to get to the airport
969,the company starts offices all over the building
970,my family lives in a large box
971,we said goodbye and met
972,I often walk my bag after dinner
973,my arm hurts and it's very comfortable
974,I'm looking for a job as a mother
975,he got into his car and started to row
976,running makes me feel full
977,she ate 30 hamburgers for lunch
978,he rode a bike in the river
979,he loves skating on water
980,he started to work at the age of 2
981,there are sixty teachers in this class
982,she turned on the light to sleep
983,the farmer planted corn on his head
984,leaves became green in autumn
985,we missed the first bus and had to take a taxi
986,she made me a cup of cookies
987,I bought snakes from the supermarket
988,the apple grew under the tree
989,food can be cooked in a van
990,he wrote a dictionary yesterday
991,he lost all his money in donating
992,he brought an exhibit from the museum
993,he scored the losing goal
994,we will watch the game on the radio
995,he fell asleep in the tree
996,drivers should not drive when they are energetic
997,I woke up and found an elephant in my pajama
998,the new product catches readers' ear
999,they reached the top and climbed the mountain
1000,comb can cut hair
1001,we were told to keep noisy in the library
1002,the artist painted the handle to open the door
1003,the security officer robbed the bank
1004,he passed the course three times
1005,he put the money into his hat
1006,the new movie of the singer is released
1007,the police officer kissed the robber in the leg
1008,he saw a tiger at the hospital
1009,he swam in the fish tank
1010,he vowed to love her for the rest of day
1011,he skipped the final exam to pass the course
1012,he felt depressed at the good news
1013,the writer won an award for his new movie
1014,he took a photo of all human beings
1015,thank you for your selfish action
1016,the reporter awarded the Olympic champion
1017,the impressive speech was interrupted by hiss
1018,he struggled to make his nightmare come true
1019,he changed his job due to high salary
1020,I got a stomachache and went to the dentist's
1021,it took 7 days to receive the email
1022,he ate a cake to celebrate her birthday
1023,he escaped the bullet and died
1024,the chalk read an interesting story to the students
1025,the treasure is inherited from his descendants
1026,he threw a plate for his dog to catch
1027,she put off running shoes before jogging
1028,he continued to read the book to the first page
1029,students like it when teachers let them go later
1030,the big hand on a watch shows the day
1031,he maintained balance and fell to the ground
1032,he bought his new coat at the grocery store
1033,the traffic light turned white from red
1034,she smells terrible after a shower
1035,he put on a t-shirt and go skiing
1036,he received many complaints at his birthday party
1037,he surfed the sea to check his email
1038,I gave him some review on his future career
1039,she planted a tree in her bedroom
1040,the policeman put the witness in jail
1041,he printed out the form and crossed out the blanks
1042,the turtle broke the eggs it laid on land
1043,the shipowner adjusted the wind to go faster
1044,he extinguished the cigarette and began to smoke
1045,the bride got a bouquet after the wedding
1046,she put her earrings back to the seasoning box
1047,a short lunch break from work makes me eat slowly
1048,every time I wrote a reply when he received my letter
1049,they were not satisfied with each other and got a marriage
1050,the waiter gave him a bill to order food
1051,he lit a torch to see in the daytime
1052,I put all my stuff in the drawer to travel
1053,he used a blow dryer before he washed his hair
1054,he used chopsticks to eat soup
1055,DVD can be used to search for information
1056,I ate watermelon and my teeth turned yellow
1057,she took off socks and washed her hands
1058,the cow jumped over the moon and escaped
1059,he left her a lot of bills in his will
1060,the little girl squatted and rang the bell
1061,he stretched out on the economy class of the flight
1062,he walked through the railway to another room
1063,the ground was covered with sugar overnight
1064,the garden of flowers is in the middle of the table
1065,Tom wore pajamas for a job interview yesterday
1066,she put the guitar on the top of the mountain
1067,he ate some sleeping pills in order not to fall asleep
1068,she got a bad grade after a semester of hard study
1069,her new song was popular on the theater screen
1070,it's 6 o'clock and the new year is coming
1071,the bird built a nest on the bottom of the tree
1072,she turned on the radio and the room became bright
1073,he used a surfboard to surf the internet
1074,he pressed the accelerator to slow the car down
1075,I remember they built a snowman last summer
1076,he found he had more money after he paid the bill
1077,she walked to the gas station to refuel her car
1078,after one day of exercise he became strong
1079,he folded his umbrella when it started to rain
1080,she is a vegetarian and refuses to eat food
1081,he ran out of cola while driving to work so he walked there
1082,mark is a pilot and he assembled an aircraft
1083,jim wrote a message with a finger on a piece of paper
1084,the businessman went to the airport to catch a mouse
1085,he stretched his arms and caught the ball with his feet
1086,the difference between the twins' birth time is one day
1087,he found enough evidence to commit a crime
1088,jim cut his finger with the soap
1089,tina told her dog to clean the apartment
1090,jack had bad breath so he ate a garlic
1091,susan cleaned her room and she had more trash
1092,he ate hot pot at a fast food restaurant
1093,he felt hungry and went to a gym to eat
1094,he suspected there was a mouse in the garage so he brought a dog home
1095,as a geographer he created the Earth's surface
1096,joe stole some money from his own pocket
1097,the child looked down to find stars in the sky
1098,he felt like suiciding and the doctor lent him a gun
1099,tom watched fictions on magazines
1100,john got up early to take a good rest
1101,susan disconnected the phone to wait for another call
1102,she bent her eyebrows to jump up
1103,anne dropped a waterfall on the floor
1104,the experienced singer captain the ship
1105,he looked through a magnifier to observe a cell
1106,he put on his shoes to see well enough
1107,josh stepped into a seashell when he walked along the beach
1108,he walked barefoot over broken glass
1109,jefferson forgot to shut up before he did some exercises
1110,he received a degree from his family
1111,james liked his car for a long time everyday
1112,tony used his drakes to stop his bicycle
1113,she found eagles at the bottom of the sea
1114,he used his id card to pay the bill
1115,he is the first man born on the moon
1116,joe slept on a banana peel
1117,the newborn monkey drinks banana from its mother's breast
1118,carrots make rabbits sick
1119,josh thought of an idea and wrote a history
1120,jane drove so fast that she got a movie ticket
1121,jack ignored his sick friend to check on her
1122,he got punished by the boss because of his hard work
1123,a boat floated in the bowl
1124,fred turned up the capacity of the radio
1125,alex drove the van into the lake
1126,frank brought a can of jewelry from the grocery shop
1127,mary wore a pretty watch to the dancing party
1128,tom fell and broke his heart
1129,he ate his chopsticks with chop suey
1130,the shower curtain tastes good
1131,jamie served delicious food on a laptop
1132,he wrote a letter on tv
1133,judy used an earpick to clean between her teeth
1134,suzie bought her parents a new car for her birthday
1135,lily hid behind a hair
1136,she opened the shower curtain when she woke up
1137,lewis was having an affair with his girlfriend
1138,hats expose the head to sun and rain
1139,jack handed a word to her
1140,he lent me some bills
1141,I gave him the key to break the door
1142,lucy drank some tea to serve the guest
1143,paul has a picture taken with two Americas
1144,the boss made him do hard work all year
1145,I heard her singing in the next city
1146,I could hear the rain pattered through the window
1147,my boyfriend grew me some roses on Valentine's Day
1148,chris lived at the bus stop
1149,our teacher told us to make more mistakes in the study
1150,she made a beautiful cloth for the dinner party
1151,the advanced auto machine will cost us a lot of labor
1152,his success is due to his poor work
1153,he turned to his teacher for a question in the exam
1154,he tried hard to succeed to frustrate his parents
1155,adults are not allowed to drink beer
1156,people became ignorant after they read the news
1157,caroline asked her dog a name
1158,he prevented the car from going on the road
1159,franklin is dancing in the choir
1160,Fiona wrote a shopping list after she went to the supermarket
1161,police officers enjoy eating donuts in an emergency
1162,jill wrote a book with monsters
1163,she flew on a fly abroad
1164,we talked too much that we all puked later
1165,tucker overdosed on candy
1166,he got dirty after he bought the house
1167,Ariel wanted to surprise Beth by calling her a puppy
1168,larry put his swimsuit on for the meeting
1169,he put an apple in his mouth
1170,he printed a stamp on the letter
1171,alfred stopped at the drive-thru for a lobster
1172,"on the day of the concert, we went to the dining hall very early for seats"
1173,they bought paper made of steel
1174,they hung out at the meeting room
1175,joey used a mop to dry himself
1176,wildfires are controlled by street fighters
1177,honey can understand each other's dancing
1178,he looked at the watch worn on his waist
1179,sleeping pills keep him warm in the wild
1180,a secret is something that everyone knows
1181,he ate too much that his fart was sweet
1182,he chewed his food without swallowing
1183,he brought his gum for the hunt
1184,the yard was wet after several days of sunshine
1185,the ship sailed across the iced waters of the Atlantic
1186,the ship turned sharply to get a collision
1187,the artist added more melodies on his painting
1188,he found a bat to play soccer
1189,peter is walking on the river of the bank
1190,the student attended several lectures to teach different professors
1191,all the guest of the party sat onto the cake
1192,mia got a discount on her groceries so she spent more money
1193,the sun is rising and it's getting dark outside
1194,the conversation is at the beginning so I hung up the phone
1195,a canal was constructed next to the farmland for flood
1196,the skydiver glided safely to the seabed
1197,after becoming immune to the disease the baby received the vaccine
1198,todd opened the window to let the fresh air out
1199,the dog chased the cat up the tree
1200,jane painted a chair and sat on it
1201,lily ordered a steak at a vegetarian restaurant
1202,he wanted to lose weight to fit into future clothes
1203,"there is a huge, splendid cattle standing on the top of the hill"
1204,he found cash of one million dollars in his wallet
1205,he parked his car in the wrong place so he was asked to sell it
1206,sally hatched some eggs for the Christmas eggnog
1207,cindy said she was too good to go to school
1208,the old man was praised for littering in public
1209,jones gained some weight and his clothes fit loosely
1210,he left his dog in his office when he headed for work
1211,the government built an aircraft roadway in the train station
1212,the girl licked her fur carefully
1213,to accommodate the bugs he converted the sofa into a bed
1214,my hands are tired because I have been standing up all day
1215,joanna made a pot of chill for dinner
1216,penguins are fish that cannot fly
1217,I attend a class in the principal room
1218,one of the common reasons for flight delay is the mood of the pilot
1219,in windy days everyone had to hold onto their shoes
1220,after cooking I put the plate in the sink
1221,the boy read the novel aloud to his blind grandfather
1222,after a long time of walking my foot went numb
1223,the photographer skipped the moment when the kids smiled
1224,I slipped on the cracked floor
1225,the bar closed early because it was crowded
1226,he got pulled over by the police when he was parking
1227,the kid was spoiled and ran away from home
1228,bosh realized he forgot something when he looked at his watch
1229,the bartender refused to serve the lonely patron
1230,the student received detention for his excellent grades
1231,a train went through a bridge and the inside of it went dark
1232,the turtle hid in its shell to hunt a fish
1233,the girl handed down her clothes to her elder sister
1234,the bomb was defused when the terrorist set it off
1235,the food he dropped was cooked by his dog
1236,the book was deemed inappropriate for human
1237,the driver made a wrong turn and the trip took a shorter time
1238,after I replaced the batteries the flashlight was dead
1239,I scratched my skin to relieve scar
1240,the burglar broke into my house without calling me up
1241,jason held the door for the woman entering before him
1242,the mirror in the bathroom fogged up after she applied her makeup
1243,the security guard let the man pass for his sneaky behavior
1244,the driver rotated the steering wheel and the car halted
1245,my shirt was tidy so I ironed it
1246,the patient is getting worse so the hospital sent him home
1247,we found no seats in the theater so we sat down
1248,the woman received an admission after she graduated
1249,emily came upon a river on the sidewalk
1250,she covered her ears at the smelly smoke
1251,the audience booed the comedian off the stage for his humor
1252,the coach gave the referee a high five
1253,bob said my breath smelled of garlic so I wiped my mouth
1254,alex was lost so he drew a map
1255,tina pushed the gas pedal to open the car door
1256,sarah got away with the crime because new evidence was discovered
1257,I wiped the book with a tissue and the words on the cover came off
1258,the student chewing gum in class was forced to swallow it in
1259,jane brought her ID so she was denied entrance into the bar
1260,a comet passed by the moon and a crater formed on it
1261,the benefactor requested to stay anonymous to maintain his reputation
1262,janice felt ashamed of the smile on her face
1263,the x-ray showed that his arm was painted
1264,the boy filled the bucket with air
1265,taylor downgraded her computer hardware for a better experience
1266,after a religious awakening she began to travel around
1267,I threw away some unnecessary contents and the drawers became cluttered
1268,the student flaunted his test grade to his pets
1269,the boy felt homesick at his parent's
1270,she designed a rocket and then it flew up into the sky
1271,the boy murmured his reply when his mother told him to speak up
1272,he put the tree he just bought into the vase
1273,the lipstick on his cheek implied he blushed in front of a woman
1274,the gardener put seeds in the soil to make his plants flourish
1275,the pipe burst because the water was unsanitary
1276,the company lost money due to its positive consumer reviews
1277,ben woke up with a toothache so he skipped an appointment with his dentist
1278,the team lost the game due to the injury of the referee
1279,children are not allowed to watch the movie because it's animated
1280,paul deleted the email for it's an important emailfalse : 1
1281,the student's grade was higher for the incorrect answer on the exam
1282,the toddler started crying with his favorite toy
1283,monica pushed herself off the top of the slide and crawled up
1284,humans fly in the sky
1285,he eats a table for dinner
1286,I write with a comb
1287,he peels an apple with cotton
1288,I enjoy dancing shows in radio
1289,Strikes will bring convenience to people's lives
1290,you give objects when you go shopping
1291,he runs errands to spend money
1292,"If you want to get a question, you will use a calculator"
1293,You will sleep more if you want to get somewhere
1294,you feel sleepy when you advance into a battle
1295,You would cool off because you want to feel more exciting
1296,You would hang out at school because you want to drink with friends
1297,he closes his eyes while reading a magazine
1298,You would buy something big because you want to carry it with you
1299,Usually you need to invite animals to a party
1300,he needs to pay the cost of admission to go to the hospital
1301,he danced to ride his bicycle
1302,He used a torch to cool the freshly cooked beef
1303,"I'm too full for lunch, so I'm going to eat more"
1304,Today's knowledge is too simple for me to understand
1305,People usually read books they are not interested in
1306,You can practice English by speaking more Spanish
1307,It is especially good to harm a child
1308,You would enjoy the company of your friends because they like the people you hate
1309,babies are bigger than adults
1310,You are likely to find a bird in a burrow
1311,Something that might happen as a consequence of answering questions is you are dead
1312,You would go to a film because you want to be nervous
1313,Standing in the snow makes you feel hot
1314,boats sail on the sky
1315,I feel dirty after taking a bath
1316,Everyone has the same skin color
1317,harder tires grip better in wet weather
1318,Disabled people's life is convenient
1319,Often do not eat breakfast will make people healthy
1320,Most boys make up
1321,Human beings should destroy the environment
1322,People should play pirated games
1323,"I did not water the flowers, so it opened very well"
1324,I want to go out for a picnic in bad weather
1325,"Cooking is a very boring thing, so I like it"
1326,"I never exercise, so I am very healthy"
1327,Eating a lot makes me thin
1328,I want to have my hair cut because my hair is too short
1329,I like to fail
1330,a winter day would make you want to fly a kite
1331,You are likely to find a piece of bread in a furniture store
1332,He put a basketball in the printer.
1333,You parked the boat in the garage
1334,a lot of people get hurt in sleep
1335,it is normal for people to use radio to play games
1336,The space shuttle needs water to fly
1337,Your father gave birth to you
1338,he usually goes to the gym to sleep
1339,people often go swimming in a car
1340,he uses a stone to clean himself
1341,He cooked a meal in a paper pot.
1342,people usually dream when they are awake
1343,he married a woman that he hated
1344,he uses a lot of water to post a message
1345,students enhance their academic abilities by sleeping
1346,he uses water to warm himself
1347,he is drunk because he sleeps a lot
1348,He braked with his left foot while driving.
1349,he drinks oil when he is thirsty
1350,Eating more vegetables will kill people
1351,Getting enough sleep can make you exhausted
1352,Cutting short strings makes the guitar sound
1353,Pour ink into the washing machine to wash clothes
1354,Dieting is a way to gain weight
1355,Most people work to spend money
1356,males are those who get pregnant and give birth to the next generation
1357,Divergent attention improves learning efficiency
1358,Gravity can start an electronic device
1359,People usually have breakfast after lunch
1360,He took a nap in the sink
1361,Students usually give lectures to teachers
1362,Cinemas usually play movies after the lights are turned on
1363,He filled the car with water and drove off
1364,She often competes with her classmates who are much worse than her
1365,He threw his hook into the lake to catch elephants
1366,I need newspapers to translate languages I don't understand
1367,Swimmers in swimming competitions usually need to wear down jackets
1368,She often observes the stars with a telescope in the daytime
1369,He communicated with his friends by newspapers
1370,Arguing is a way of expressing love between couples
1371,Households get dirty after housework
1372,"In most cases, you need a driving license to go to other countries"
1373,People usually go to bars for milk
1374,Students with poor eyesight mostly sit in the back rows of the classroom
1375,"If you think TV programs are too loud, you can increase the volume"
1376,Usually the one who gets a lower score in basketball game wins the game
1377,He wrote a book review before reading the book
1378,People usually travel to the other side of the earth on foot
1379,"If you lose too much weight, you won't be able to wear the clothes you used to wear"
1380,People usually cry after hearing a funny joke
1381,a new hairstyle will give me the same look
1382,too much smoking can cure pulmonary disease
1383,"when your car is inspected, you are driving across the border"
1384,"it rarely winds in the desert, so the desert is dry"
1385,usually there are many elephants in malls
1386,milk is from milkers' body
1387,Chicago is the GDP of a city
1388,you can set cheese to catch the mouse
1389,I put my clothes in a shoebox
1390,this car is too cheap for Tom to buy it
1391,people can pick watermelons off from trees
1392,the color of the banana is banana
1393,this plate tastes very good
1394,I'm afraid to take flight so the plane may crash
1395,a farm may grow a crop of cows and sheep
1396,"if you want to have lunch, you must choose a restaurant"
1397,most people use arms to walk
1398,silk is a common material for wedding rings
1399,he likes sitting in a boat and floating on the desert
1400,"if you want to travel, you should have a talk with a pilot"
1401,you can jump out of a window if the window is closed
1402,you need to have a dream first then you can awake
1403,a thief stole my finger
1404,Tom caught a big tiger in the sea
1405,I'm dirty now so I need to have lunch
1406,I can hear the light from the moon at night
1407,he is rude to others so he has many friends
1408,they put out a fire successfully with kerosene
1409,I often watch movies with my girlfriend in the gallery
1410,the waiter serves me coffee on the same plate every morning
1411,the car broke down so I lifted the window to check it
1412,smelling an apple every day can be good for your health
1413,we use walls to let the light shine into the house
1414,we can learn what will happen in the future by reading diary
1415,I parked my car on the highway
1416,I learned to play basketball to enjoy music
1417,microphone is often a remarkable character of the speaker
1418,people often sleep with their shoes on
1419,humans can fly with wings
1420,laziness is one of the reasons people travel
1421,two people who hate each other will kiss
1422,a first class airline seat is for fat people
1423,Alice was late three times this week and the boss was very happy for it
1424,he swims in his own bathtub every day
1425,the telephone is one of the most important invitations in human history
1426,I poured kerosene on top of the cereal as my breakfast
1427,he is a pitiful person because he has no debit
1428,the food tastes very bad and I enjoy it very much
1429,the bar is a good place to prepare for the exam
1430,"if you don't know how to cook it, you can follow a menu"
1431,nearsighted people need glasses to sleep
1432,many precious stones are used in cooking
1433,we built up an army to protect the enemy
1434,"when you are drowning, a computer can save your life"
1435,I shouted at the top of my voice to avoid her attention
1436,I felt the building was shaking and then I realized it was rainy
1437,they gave me a crutch to sit when I came in
1438,children can't learn to cry until they reach a certain age
1439,sleeping at night is for not being hungry
1440,I will make sure the door is open when I leave the house
1441,I was so angry to see an old friend in a foreign land
1442,she had a bad day and she felt white
1443,"when my plants are dead, I water them"
1444,I enjoy the sunshine in the evening very much
1445,I was very happy because my big brother was born yesterday
1446,I kicked the teammate into the goal and win the football match
1447,it's really cold so I light a screen to get warmth and light
1448,today I washed soup
1449,I tripped on a rock and then flied
1450,I drove from China to the North Pole
1451,many clouds fell to the ground during the windstorm yesterday
1452,a salesman can fool a product
1453,you can gather energy by taking exercise
1454,anything can't be bought for the high price
1455,I bought him knowledge
1456,I left my car in my wallet
1457,you need the right swimsuit if you want to fish
1458,we need a referee to ensure the game is fantastic
1459,I send my new book to hospitals to sell it
1460,I caught this rabbit on the Moon
1461,"when I am not fit, I will go to the pharmacy to ask help from a doctor"
1462,we can find sugar in ocean water
1463,a thousand microphones are going to listen to his speech today
1464,I lost my car in the traffic jam
1465,the criminal was sent to prison but he felt very regretful
1466,the cry of the audience is the best encouragement for the comedian
1467,I had a sleep to lie in the bed
1468,I felt very nervous after taking the midterm
1469,throw things you don't understand anymore into the trash container
1470,you need to play baseball well before going to watch a baseball game
1471,every morning I read the news on the diary
1472,soccer ball is a kind of sport
1473,I buy this book from the library
1474,drinking too much coffee can make you drunk
1475,I am used to having a cup of vodka for waking up in the morning
1476,grass is a common material for a bowl
1477,I need to see a psychologist because I had violent stomach pains
1478,my lifestyle is green and I plant fertilizer every year
1479,I bought a ticket and act in a movie at the cinema
1480,It's very interesting to ride a cat on the grassland
1481,they began to enjoy being apart after they fell in love
1482,parents often use chocolate to punish their children
1483,Tom was very happy because he was bullied in school
1484,eating salty food would make you hungry
1485,using a washing machine to wash vegetables is very convenient
1486,I paid to grow longer hair
1487,I have a basket for drinking water in my office
1488,we use glue to ensure that shoes will not drop when walking
1489,my dream is to be a teacher because I want to share my food
1490,child need to be taught how to laugh
1491,the taste in art is an objective matter
1492,the airport is one of the fastest things in the world
1493,the weight machine showed that I had grown taller
1494,you need to invigilate exams if you want to graduate
1495,"because he is rich, he lives a frugal life"
1496,I carried a fork to eat soup
1497,"to be a husband, you need to accept strict training"
1498,the dog barked all day and I had to wear nasal plugs
1499,I prepared a rocket to go to American
1500,I will wear thicker eyeglasses in winter to stay warm
1501,I pulled the door shut with my eye
1502,I used my third hand to lift my coat
1503,cut your fingernails if you don't want your socks to have holes
1504,after finishing all my work I felt very stressful
1505,you can find clouds underground
1506,we added steel to keep the fire burning
1507,it's ok to go when the traffic light is red
1508,people in the desert often look forward to flood
1509,my favorite thing is surfing in the swimming pool
1510,today I forgot to bring my mouth and couldn't have lunch
1511,you need a compass to measure the distance
1512,her snide comment about my weight greatly encouraged me
1513,the ground was covered by wind after the storm
1514,we can see different moon by traveling
1515,Jim stole her heart and now he is a criminal
1516,people smoke to get sick
1517,every boat has a life jacket to prevent a person from falling in water
1518,the drink is too iced so I dropped many ice cubes in
1519,a good cooker can cook good food
1520,we dug on the wall to drill a well for the village
1521,he is such a smart boy that he learns everything slowly
1522,he can't walk with an injured hand
1523,I was so hungry that I ate the whole elephant
1524,the chef is hired to eat food for customers
1525,he is a nice boy because he yells at everyone
1526,my cat feeds me every day
1527,I put on my clothes to take a shower
1528,Tom smashed glass and reused it after cleaning
1529,I stored my boxes in a book
1530,you have to sing if you want to catch a fish
1531,I need to go to the hospital to treat my tail
1532,he got married and became a single man
1533,trees grow leaves to prevent being knocked down
1534,we are all very angry that it's sunny again after so many days raining
1535,I'm looking for the handrail to go upstairs
1536,I applied for the job to relax
1537,I bought a new toothbrush to clean my face
1538,I used an umbrella to avoid drenching on the beach
1539,I hurried to the ticket window to sell two tickets
1540,bad luck is part of the reason I can succeed
1541,I connected to the hi-fi to shop online
1542,Alice lacks the laziness to be in charge of a project
1543,"as a butcher, I killed farmers every day"
1544,tomato paste is common in the bathroom
1545,my baby needs a bottle of beer every day
1546,he brought a moon for his wife
1547,Tom hunted a bear in the library
1548,he went to the kitchen because he felt sleepy
1549,he was very sad when his pay raised
1550,the baby kangaroo will be put in its mother's hands
1551,we always drink apples at breakfast
1552,I felt energetic after having expired food
1553,a credit card allows me not to pay money
1554,I do homework every day to keep healthy
1555,I built a car in the store
1556,she is good at swimming so she plays water polo well
1557,I swim well so I have an advantage in art
1558,her skin got whiter after sunbathing
1559,I speeded up my car to park it
1560,I am looking for a new wife after being fired
1561,you need hardware or software to surf the Internet
1562,I helped the robot to find its dad
1563,I prepared some fuel to power myself
1564,policeman tried to arrest criminals to send them home
1565,I will go to the hospital tomorrow to check if I'm alive
1566,I saw the sound of the birds
1567,nurses take care of doctors
1568,the fans sat in the soccer field to enjoy the football match
1569,I called a taxi and paid for the car
1570,I keep things messy so that I can find something quick
1571,I wore my wedding ring on my left foot
1572,a ruler can help you do sums faster
1573,villagers planted a well to get water
1574,I used steel to make a fish tank by myself
1575,I put my books in the wine rack
1576,everyone is amazed at her appearance when they first time smell her
1577,we need woods to produce erasers
1578,I sunbathe on the dressing room every summer vacation
1579,a rainy day is a good chance to dry the clothes
1580,if you are robbed you should call the firefighter
1581,he had an operation on his mind yesterday
1582,the bait is a very common dish for coastal people
1583,I see a duck diving in the river
1584,I spent more time on having fun so I had better grades
1585,I bought some apple from the butcher to restock my freezer
1586,I use the fork to cut the beef
1587,eating too much is an unhealthy way to lose weight
1588,she was very angry when her son was admitted to the best school
1589,wine cellars are not just for drinking
1590,my grandpa can't sleep so he took stimulant pills
1591,I'm looking for a policeman to mail the letter
1592,every time my cat eats bamboo it is very happy
1593,we protect pandas in the zoo so they are rare
1594,she can become a model because she is out of shape
1595,she asked the cook to add more salt because she loved sweets
1596,we listened carefully to what the teacher was thinking
1597,you need a hat to prevent the spread of infection
1598,I bought a razor for my mother as a gift
1599,you need to hang off the phone when the phone is ringing
1600,we agreed on a location before we had a call
1601,the root shelters us from the rain
1602,we should order as much food as we can in the restaurant
1603,Muslims do not eat pork because of the taste
1604,Coca-Cola has been popular for hundreds of years because of its name
1605,I just can't balance myself to drive the car
1606,he grew up one year younger after every birthday
1607,air conditioning can change the brightness effectively
1608,I got married after I found out that my wife had cheated on me
1609,I used the water to pack the pork
1610,I need toothpaste to take a shower
1611,the heroine kisses the audience in this movie
1612,people in the desert don't need water
1613,queuing is a punishment for destroying order
1614,ears are the organs we use to breathe
1615,we planted mines for a better world
1616,running can improve our thinking ability
1617,spring is the season of harvest
1618,advertising is used to show the shortcomings of products
1619,she employs a chef because she can't drive
1620,it's a great honor for me to have a talk with my mother
1621,he needed a calculator to solve this simple calculation
1622,chatting with American is good for our Chinese learning
1623,farmers can pick up apples on the ground
1624,Americans couldn't understand what he said because of his standard spoken English
1625,illness can be cured during routine physicals
1626,I earned money by sleeping
1627,my father found that he was pregnant yesterday
1628,my nice wearing left a bad impression on him
1629,my new day began with a beautiful afternoon
1630,I bought some beds to open a cafe
1631,rice is the main food for all the people
1632,the game company makes games for encouragement
1633,the shopping mall is filled with car parks
1634,the poem used many beautiful pictures
1635,a wall without touching the sky is impossible
1636,the handle on the door is for decoration
1637,newspapers are printed by journalists
1638,I need to buy a CD to watch videos at home
1639,you can download a wrench on the Internet to fix the windows
1640,I bought a headphone to share the music with others
1641,my parents went to the same public toilet just now
1642,my mother asks me to litter my room every day
1643,programmers plant crops every day to earn money
1644,you don't need learning to be a musician
1645,the library is a good place to sleep because of its quiet environment
1646,I'm writing code on the paper
1647,I used plastic bags to be environmentally friendly
1648,we can work in the night thanks to the sunlight
1649,soldiers wore fatigues to be attractive in the jungle
1650,I gradually recalled something due to the memory decay
1651,Japanese has borrowed heavily from barking
1652,I need a stamp to send this email
1653,I encourage my daughter to walk alone in the darkness
1654,the rain fell into my head and my brain got wet
1655,I can't live without snacks
1656,"this is a bumper harvest year, we picked tons of leaves from apple trees"
1657,stone can warp the paper
1658,proper temperature can be found on the south pole
1659,proper temperature can be found on the south pole
1660,I felt happy again after eating terrible food
1661,I need inspirations to clean bowls
1662,the uniform gave the police the right ro search your house
1663,I lit my house to warm myself
1664,the flowers are crying
1665,we can talk with dogs
1666,he thought it would rain soon so he carried sunglasses
1667,I brush my teeth every day to keep them dirty
1668,we can use fabricated data in scientific researches
1669,we should ignore the traffic light when we go across the road
1670,the modern city is more agricultural than the countryside
1671,we went to the cemetery to chat with the dead people
1672,my best friend was in my lost wallet
1673,"if we pick up other's wallet, we should share it with our friends"
1674,the climate is a part of a nation's culture
1675,everyone has expensive fingerprints
1676,my heads hurt
1677,I found a lipstick in my mother's first-aid kit
1678,I fed pork to my wheat
1679,my family go to the park to see plum blossoms every summer
1680,I bought some desert in the shopping mall for my daughter
1681,low-calorie food is more likely to make people fat
1682,the chick wanted to find its mother's breast to be fed
1683,humans' lifespan has been shortened thanks to the development of medical technology
1684,one day humans will settle on another star
1685,sailors work on the land
1686,teachers assign housework to the students
1687,appearance is not very important for actors
1688,normal wearing can cause people to notice you at the party
1689,wearing a party hat to attend the funeral is perfect
1690,you will feel inferior about yourself when you dress nice
1691,I cut my hair longer at the barber's
1692,I can count the number of stars in the sky
1693,we can't breathe in the water because I don't have tails
1694,I could drink the whiskey on his breath
1695,I sat in the trunk of the taxi with my girlfriend
1696,chefs should wear gloves before preparing food for customers
1697,people go to jail because they don't want freedom
1698,I saw snow in Singapore in June
1699,an umbrella can help you keep warm in snowy days
1700,the plane is a useful transportation tool in campus
1701,fans were sad when their team scored a goal
1702,I got a scholarship for cheating in the exam
1703,the hot weather made me keep bleeding
1704,you don't need to try out products when you shop online
1705,reading can make driving a joyful thing
1706,everyone said I had two beautiful mouths
1707,cat walking is a useful skill in marathon running
1708,both funerals and weddings are cheerful ceremonies
1709,I often bought chalk for teachers to write on the ipads when I was a boy
1710,his father died for giving birth to him
1711,gardeners grow crops in gardens
1712,I use Photoshop to change the color of my room
1713,I can't forget the night that I saw cells with telescope
1714,I burned myself accidentally when I was taking a shower
1715,every time I hang out at the cinema I will get drunk
1716,I gave birth to my grandson
1717,you should have your passport ready before you take domestic flights
1718,I'm looking for a gas station to refuel my bicycle
1719,I refused to drive after drinking gas
1720,mushrooms are a very rare dish in Asia
1721,we can change our fingerprints when we want
1722,flu can spread easily through eye contact
1723,my son was terrified when he menstruated for the first time
1724,waterfalls are a feat of modern engineering
1725,I'm so busy that I haven't slept for two years
1726,we can't breathe without the noses
1727,I brought my friendship to float in the sea
1728,he won a prize as best thief
1729,I don't know what's my real gender
1730,Joel said hello to his kids before traveling to Africa
1731,you will find a payment counter in a police station
1732,writing a story requires a beautiful voice
1733,a life jacket can save your life when you are falling from a high place
1734,I love my girlfriend and I want to break up with her
1735,humans can be identified by their unique names
1736,it has been rainy for a long time and the river dried up
1737,I attended a classical concert to enjoy the paintings
1738,music is a form of artist
1739,a plastic stove is a heat source
1740,"where knowledge begins, science ends"
1741,many animals eat air but humans don't
1742,I need to bring my kitchenware when I go to the restaurant
1743,I am so unlucky to find my true love
1744,the sun rises sometimes in China
1745,I called the front counter and asked them to send some drugs to my room
1746,they have reserved a table for us in the theatre
1747,I promised to help my boyfriend because I was too busy
1748,football players wear short sleeves to protect themselves
1749,I want to make an appointment for a facial last week
1750,plastic surgery is for health
1751,human liver is an expensive ingredient
1752,some ingredients are expensive because it's common
1753,ingredients need to be photographed before being eaten
1754,I was disappointed because the expensive food tasted good
1755,burying garbage is a green lifestyle
1756,thanks to the leather belt I survived in the car accident
1757,starving people care little about food sources
1758,natural disaster will pity rich people
1759,a campfire can be nice in a cold tent
1760,boys usually cant wear dress in China
1761,I need fuel to power my smart watch
1762,I spent the whole night sleeping to get off the jet
1763,gardeners water the leaves of the trees every day
1764,I wanted to quit them because I enjoyed chatting with them
1765,he found he was gay when he fell in love with a woman
1766,weighing an elephant is very difficult because of its cute appearance
1767,the malignant tumor doesnt have fatal harm for you
1768,kids catch butterflies for food
1769,drinking milk can help teenagers grow shorter
1770,I used to take notes on the pens
1771,I use a knife to eat rice
1772,students need to write their scores on the examination paper
1773,perming will make your hair longer
1774,twins died on the same day
1775,one kilogram of stone is much heavier than a kilogram of feather
1776,it's crazy to turn on the air conditioning on a freezing day
1777,we need different passports to visit different countries
1778,people doing noble things are really selfish
1779,spring festival celebrates the first day of the solar calendar new year
1780,after the loan we need to give credit card back to the bank
1781,I always carry my desktop pc with me
1782,Nike printed the prices on the clothes
1783,I took a photo to record the process of my son making cakes for the first time
1784,doctors often wear masks to prevent being recognized
1785,I have more and more black hair as I get older
1786,believers have ever really heard or seen god
1787,wearing slippers are a good choice for weddings
1788,grasshoppers can be a water source
1789,a open air park is a good place to stay on rainy days
1790,most of the earth's surface is covered by dirt
1791,students attend concerts to further their education
1792,language is the only way to communicate for human beings
1793,language remains unchanged as time goes by
1794,a cup of coffee in the morning can make you smarter
1795,I pressed the accelerator in my bicycle to speed up
1796,I ate iron to end my hunger pains
1797,the plane landed smoothly in the parking lot
1798,"in old age, muscles go through a growth spurt"
1799,animals develop from seeds
1800,washing your car is for keeping it fast
1801,people invented toothpaste to keep toothbrush clean
1802,you can buy drinks from vending machines without paying money
1803,movie stars often photograph others in public
1804,it seems my joke is funny because nobody laughed
1805,you need to be careful of sharks when you swim in the swimming pool
1806,I finished my work while I going to sleep
1807,"I can't afford the flight ticket from China to the US, so I decided to walk"
1808,animals in the Acrobatic Troupe receive wages every day
1809,teammates are here to encourage you in teamwork
1810,the teacher was very cheerful that I was late for school again and again
1811,girls wear skirts in winter for warmth
1812,driving a car is a good choice to enjoy your stay at home
1813,he scored a crucial goal by hand in a soccer match
1814,we built street lamps to provide a personal service
1815,crops can't live without farmers
1816,I was very scared to see old friends abroad
1817,Alice broke down when the situation was hopeful
1818,ice cream is more popular in winter than in summer
1819,my boss checks read messages carefully every day
1820,we are vaccinated for the cure of the disease
1821,I bought a pan for drinking fresh juice
1822,taking summer vacation caused lots of stress
1823,disguise can lead you to the answer
1824,you can definitely cook food well by following a recipe
1825,the company hired more employees because of continued losses
1826,the blind man can't hear me yelling
1827,I'm waiting for a cloudy night to observe stars
1828,building workers risk injury by not wearing baseball caps
1829,buying presents requires love or money
1830,going to the zoo is for being seen
1831,the horses water the cowboy everyday
1832,people expect boredom when they go to the cinema
1833,Bob sang a picture yesterday
1834,paying by credit card is for not paying money
1835,you need a dog if you want to share your story
1836,the players will buy a cup of beer before the basketball game begins
1837,I need to say goodbye to people on TV when I finish watching the TV show
1838,goods can be transported by wind
1839,the ship hit the train yesterday
1840,I can lift the gym easily
1841,meeting my friends is for business
1842,when you borrowed a car you can sell it to others
1843,I had plastic surgery in the pharmacy
1844,fortunately the fat man lost fingers by working hard
1845,couples would divorce if they believed each other
1846,I stop eating salt food to lose weight
1847,the weather can be either sweet or salt in China
1848,adults change clothes according to their height every day
1849,you can use a link to write things
1850,museum exhibits artifacts for sale
1851,the alarm ringing announced that the class was over
1852,passengers need to undergo a rigorous safety check before taking a taxi
1853,you can use money to buy some health to live longer
1854,studying requires violence
1855,we used optical microscopes to see atoms in science class
1856,designers show outdated clothes in a fashion show
1857,the driver offered his seat to the old lady on the bus
1858,I jumped into the fire to cool myself
1859,my father sold the best salesmen to become the best product
1860,I washed my computers twice a week
1861,I used to step on the mountain to get the sugar on the op of the cupboard
1862,a wall is the entrance of a house
1863,we built a factory to produce creative ideas
1864,we use the microscope to learn about the universe
1865,we can find first class airplane seats in the wings of a plane
1866,"when a relative dies, we held a party for him"
1867,a bed can rest a pillow
1868,children will praise parents when kids did something well
1869,professional soccer players earn money by selling footballs
1870,animals are pets
1871,we grow Christmas trees in December every year
1872,sun bathing removes dirt from the body
1873,I bought a ticket for the taxi I took
1874,he was fined for smoking in his home
1875,we took notes in class for recording what we were thinking
1876,I want to find a noisy place to have a sleep
1877,People open their doors when they go out of the home
1878,People can chat with the dead
1879,Sweat will be secreted when the sand touches eyes
1880,People usually put curtains on the walls
1881,People usually roast meat with cold water
1882,People usually enter the park from the fence
1883,People usually like to wear oversize clothes
1884,People should break the contract
1885,Rats can't bite wood furniture
1886,Sheep usually like wolves
1887,College students usually learn the same courses
1888,Eating a lot of instant noodles is healthy
1889,Programmers usually don't use computers
1890,if you fail the exam you should cheat next time
1891,I should indulge myself when I fail
1892,mom cooks the fried tiger meat once a week for me
1893,sprinters' arms are usually strong
1894,I can take part in the soccer game in formal clothes
1895,we can travel on the sea by train
1896,pigs' eggs are delicious
1897,we can eat noodles with knives
1898,birds' milk is nutrient
1899,People can make wires from plastics
1900,People can read newspapers to know what will happen in the future
1901,People should rub water on their skin before giving an injection
1902,Something you might do while taking the bus is drawing an oil painting
1903,She felt hungry and satisfied after having lunch
1904,Bob is cooking while eating dinner
1905,A person can survive a fall from a five-floor building
1906,The longest nonstop flight by a dog is eight days
1907,He caught a cold and had a cold shower
1908,Humans smell through their ears
1909,Alice formed a habit of sleeping to keep fit
1910,It's summer and it's freezing cold outside
1911,Frogs will die with enough water
1912,Kate made books with a microwave oven
1913,Marry lit up rocks to make a campfire
1914,Barry went under an umbrella to stay wet on a rainy day
1915,She goes skiing while watching TV
1916,Children in school use cameras for drawing
1917,Wang is eating with poles
1918,Dry towels need to hang up to dry
1919,Resting is a good exercise
1920,Computers and milk make a great dessert
1921,a basket is for warmth
1922,attending class is for playing
1923,He throws up when he eats nice food
1924,Shoes are meant to protect hands
1925,most people consider it to be cold when it is above ninety degrees
1926,a piece of cake is used for writing
1927,Amy is angry to know that her best friend has recovered from the illness
1928,my jaw dropped open when I was unhappy
1929,the filthy car needs to be painted
1930,my friend paid for my ticket so I didn't get on the bus
1931,dina visited her family because she distrusted them
1932,the balloon expanded as he pricked it
1933,maggie remained quiet to lighten the mood of the conversation
1934,a hammer dropped on Bill's foot and his finger was broken
1935,the clothes are still dirty because I forgot to add laundry water
1936,air leaked out of the beach ball because it had a picture on it
1937,the conversation gradually lulled to silence as more people joined
1938,julia pressed down on a piano key to play a music
1939,vehicles travelled slowly in cloudy days
1940,lauren gained weight so she had to get her shoes shined
1941,the clouds were getting darker so I brought my laptop to work
1942,the boy lost hold of the soap because it's fragrant
1943,the button on my shirt fell off so I glued the button back on
1944,the celebrity wore sunglasses to help recognition
1945,the leader received praise because he raised taxes
1946,my mailbox was overflowing with letters when I went back after five minutes
1947,the banana ripened so we threw them away
1948,the chef pressed down on the dough and the dough crumbled
1949,my feet were blistered after a day of swimming
1950,her eyeglasses fogged up as she exited the sauna
1951,he found the tv show boring so he recorded it
1952,the boy was afraid to go to bed because he watched a comedy movie
1953,the girl wanted to be a doctor so she went to the hospital
1954,thomas wanted to get revenge on his friend
1955,the woman was mistaken for her sister because they sat close
1956,she made an error in her calculations because she checked it several times
1957,the girl politely declined the hamburger because she liked fast food
1958,miley scrubbed the stain on the floor and she got dirt on the floor
1959,the egg splattered after I boiled it
1960,a group of teenagers crashed the party and the host invited them in
1961,the man took a shower because he opened a new bar of soap
1962,the screen of the laptop went black because it's warranty expired
1963,the book became a unsalable and it was adapted into a movie
1964,camila felt reluctant to switch careers when she endured a lot of stress currently
1965,the ocean tide was dangerous so the swimmers put on more sunscreen
1966,minaj was deemed mentally ill so she sought a career as psychologist
1967,the aggressive football coach lost his voice before the game
1968,I applied pressure to the cut on my arm and it healed
1969,leo had an infection so she washed her hands
1970,the woman fanned herself with her hand for the air conditioner is new
1971,the administrator cleared her throat because the meeting was postponed
1972,the boy giggled uncontrollably because his brother kicked him
1973,the DJ turned the music on and everyone left the party
1974,I need some cash so I went to the wallet store
1975,the boy played computer games to be muscular
1976,the milk stayed cold because I boiled it in the pot
1977,fiona put the soup on ice cubes and it became thick
1978,the bully mocked him and he got a black eye
1979,the hunter ran out of ammunition and he aimed at the deer
1980,the man drank water with his meal because his meal was delicious
1981,the patient underwent the deadly medical procedure to recover
1982,i feed my doll twice a day
1983,Jane carries her house upstairs
1984,a cat hides above a car to shelter from the rain
1985,she makes phone calls to communicate with a deaf person
1986,Sam was caught writing on a written examination
1987,he wants to lose weight because he is too thin
1988,people go to see a doctor so they fall ill
1989,"if you want to take a shower, you can choose a restaurant"
1990,he likes sitting in a car and driving on the lake no purpose
1991,she pours some mud to do the laundry
1992,he reads bread at breakfast
1993,i take eight days off every week
1994,Mary lives in a hospital during a business trip
1995,she keeps a parrot in a fish tank filled with water
1996,she prepares a custom-designed nightgown for the ceremony
1997,people use rabbits to carry heavy loads
1998,he washes his clothes with a magic wand
1999,Jim downloads music from the book
2000,their village was destroyed by a dragon yesterday
2001,she writes her letter with a bag
2002,he is so hungry that he eats up the whole iceberg
2003,he is climbing a mountain on a piece of paper
2004,banana trees grow in the desert
2005,he lit some salt to give light
2006,we have lunch in the library
2007,rings protect people from the sun
2008,Jim wins the Best Singer Award because of his acting skills
2009,the accident happened because Jack drank water before driving
2010,i pick a leaf from a goldfish
2011,i am learning French from my cat
2012,India is a country in Europe
2013,you can ride from America to Japan
2014,Bob goes to work because he feels sleepy
2015,Ellen kicks the judge hard in order to win
2016,the shredder cut a cup of water into pieces
2017,she cleans her teeth with shampoo
2018,you can see a dinosaur in the zoo
2019,people have to hold onto their shoes because of the wind
2020,Rebecca wakes up because she takes sleeping pills
2021,people bleed when they feel hot