1,an elephant is much bigger than a fridge
2,no one eats stones
3,no one can get stars and sell them now
4,USA is a nation while New York is its city
5,the sun is much brighter than the moon and stars in the day time
6,a restaurant does not have doctors or medical equipment
7,parents are always happy to see their children get good grades
8,gold is too expensive to make cans
9,suitcases are not big enough for a desktop
10,the Moon is to far to walk to
11,a day only has 24 hours
12,Water is used to quench thirsty
13,baskets cannot hold water
14,a mountain is too big for a man to jump across
15,"Rubbish should be thrown into a trash can, rather than a mailbox"
16,candies are sweet and children love sweet things
17,the alcohol makes drinker stupid
18,human do not eat grass
19,computers are not plants
20,radios cannot be watched but only listened to
21,starvation makes a man feel hungry rather than sleepy
22,"suicide leads to death, rather than cure"
23,we do not need change cars when passing a crossroads
24,people dream only when they sleep
25,cola is produced in the factory rather in the farm
26,feeling left out makes a person unhappy
27,playing would not help the preparation for an examination
28,humiliation makes a person feel angry and hostile instead of friendly
29,I do not need cook food at restaurant
30,there is no tennis court in sports stores
31,chicken is not seafood
32,tall guys can usually play basketball better
33,rock-and-roll is too noisy to make people asleep
34,we have not discovered blue apples yet
35,nobody makes a call with a drum
36,mercury is poisonous
37,a bar of soap can only ruin the cake
38,plastic is not eatable
39,nobody eats robots
40,drinking water can't get people drunk
41,walking costs almost nothing except shoes
42,only dogs bark when they meet
43,we don't learn mountains or countries during sport classes
44,it is impolite to laugh at a funeral
45,cemetery is a place of sadness rather than fun
46,restaurants don't need customers to do the dishes themselves
47,people don't eat wool
48,a bedroom is used for relaxing rather than cooking
49,a railway is built for trains not cars
50,a drill is not a cooker
51,tissues don't have telephone numbers on them
52,films can easily be damaged thus ruin the picture
53,using a penknife to cut wood is a waste of time and strength
54,moon is unreachable by bus
55,meeting friends is a positive experience
56,smartphones of huge size go against the rule of convenience
57,television sets do not serve as a souvenir
58,it is impossible to park a car in the living room
59,light does not broadcasting music
60,you don't have to break a wall for aeration
61,a giant panda is a viviparous species
62,summer dresses are too cold to wear in winter
63,smoking does harm to langs and many other organs
64,copper can cause life-threatening electric leakage
65,nobody can tear himself up alive
66,a letter in pieces cannot carry a message
67,people sleep in a bedroom
68,iron is too hard to even be bent by an unarmed human
69,supermarkets want to attract more customers in the year-end
70,tomatoes are not threatening plants for a farm
71,to be famous is to be known by many people
72,singers can usually sing better
73,trees don't grow in the pond
74,the moon is the earth's natural satellite
75,power plants don't provide gasoline
76,a cinema is not equipped for concerts
77,acidity is usually measured by PH value
78,satellites are contemporary inventions
79,water puts out fire instead of causing it
80,there are only 12 months in a year
81,no pieces are named after a prince
82,a maid is a woman hired and working for a family
83,a lock can only keep the door firmly closed
84,no sea water tastes sweet
85,male chicken doesn't lay eggs due to its biological structure
86,fungi prefer darkness and humidity better than sunshine
87,carnations are mostly used on Mother's Day
88,it is impossible to ladle soup with a fork
89,fishes live in the water rather than sand
90,the Statue of Liberty stands on an island in New York harbor
91,nissan is an automobile manufacturer and sells cars
92,a pan is used for heating not for storage
93,normal glasses cannot reflect lights
94,weekdays are days where people have to work
95,people laugh when they are happy
96,a closet is used for storing things
97,bed is not suitable for running
98,a ribbon is not firm enough and can only be used as decorations
99,cooking has nothing to do with stories
100,chili powder tastes spicy rather than sweet
101,shopping lists don't tell the meaning of words
102,working can't make people feel relaxed
103,Sunday is part of a weekend which is conventionally seen as a holiday
104,Santa Claus does not exist in reality
105,convenient store sell things to customers rather than buy from them
106,killing people is not the right way to express gratitude
107,teachers don't know how to treat illness
108,a CD is usually made to record songs
109,people can't read a book in 3 seconds yet
110,he can't even get close to a cat otherwise he may die
111,a champion is usually awarded to the one who runs the fastest
112,a belfry is a building and cannot be worn
113,a plane cannot beat its wings
114,people don't dance in the water
115,wool is too soft to be made into houses
116,rainy days are inconvenient for camping
117,people are usually sleeping at 2 o'clock in the morning
118,ice has a lower temperature than normal drinks
119,an apple is not a cure for a disease
120,a subway train doesn't stop at a bus stop
121,one can only get scores by answering questions the test paper asks
122,human beings don't have tails
123,a butcher doesn't do hair cuts
124,human beings cannot drink a glass
125,February doesn't have 31 days
126,magazines are not designed to be written in
127,a nephew is a male relative
128,a diamond is an expensive jewel worthing far more than a dollar
129,her stepmother and stepsisters treat her badly
130,a gym is built for P.E. classes
131,serving as President for over eight years is against the US Constitution
132,children cannot get a license to fly a plane at their age
133,traveling abroad doesn't mean one must know how to drive a car
134,rain turns into snow only in cold days
135,you can go when traffic lights are green
136,clothes are used to keep people warm
137,the USA is not a monarchy
138,people use their ears to hear
139,vandalizing cultural heritages is against the law
140,shells are no longer used as money
141,a mansion is too expensive for the poor to afford
142,the first is the best position to get
143,an air-raid shelter reinforces against bombing
144,the Taj Mahal is not a wooden building
145,c++ is for computer programming rather than interpersonal communications
146,his theory contributed greatly to cosmology
147,fathers cannot pregnant up to now
148,sleeping in a hotel cannot be called as camping
149,an mp3 player will be damaged after been watered
150,Mongolia is a landlocked country
151,clothes cannot help to correct myopia
152,socks cannot ensure the safety of a bike
153,cook doesn't treat illness
154,a life buoy cannot damage the Titanic
155,cola cannot color the ceiling
156,people usually don't write to people they meet frequently
157,a fresh lemon also tastes sour
158,pumpkins are not big enough in reality
159,a carpet is too soft to even hurt people
160,pencils are not sharp enough to cut papers
161,ice is nonflammable
162,chocolates is more commonly seen as an expression of love
163,a scarf cannot protect people from the rain
164,CD disks are not a place for persons to stay
165,there aren't 33 days in March
166,noodles are not for running
167,mew is a sound a cat makes
168,people cannot walk through a wall
169,chairs are not a form of transportation
170,you cannot write on the dew
171,a rabbit is a herbivorous
172,the temperature in summer is above the freezing point
173,computers break when being washed with water
174,chopsticks have not got cutter edges
175,detergent is not eatable
176,no one can prepare for yesterday
177,traffic lights don't have the color of purple
178,chopsticks are not designed for liquid
179,the knitting wool is not a living creature
180,headphones aren't equipped with cameras
181,people cannot be purchased
182,Parents will get angry if their son or daughter fails the exam
183,Museums are places for exhibiting famous paintings and precious artifacts
184,people buy gifts for their loved ones instead of hated ones on Valentine's Day
185,oranges can't be used to make French fries
186,"there's no oxygen and liquid water on Mars, which are necessities for human beings"
187,the basket is usually higher than a human and stooping down will make Harry lower instead of higher
188,a human cannot drink seawater directly
189,a human cannot run on water like sea
190,hurting fingers will cause pain instead of delight
191,fresh air usually will not cause coughing
192,"lions are carnivorous, so they eat meat instead of grass"
193,three-year-olds are too young to go to college
194,bears will drown and die if hibernate underwater
195,there's no food in the bathroom
196,a human will drown if breathing underwater
197,blood is not a type of food for young dogs
198,"you don't save people in a bank, instead you put money into your bank account"
199,human can understand books only after grasping basic words
200,kites need the power of wind to fly
201,Christmas is a peaceful holiday to celebrate
202,"a tea bag will produce a cup of tea, not a cup of coffee"
203,meeting with friends usually makes a person happy
204,eating more will usually lead to putting on weight instead of losing weight
205,"""Hello"" is used at the time of greeting instead of leaving"
206,smartphone will break if washed by a washing machine
207,an ant is too small for a person to ride
208,water runs from high to low
209,a broom cannot be used to brush teeth
210,bright light is not harmful to mouth
211,moving faster usually results in a faster heartbeat
212,dogs can't play basketball in most cases
213,pens are not for opening locks
214,cold water usually worsen the stomachache instead of alleviating it
215,telling lies is dishonorable
216,a car cannot fly at present
217,the window of the airplane is sealed and cannot be opened
218,birthday cakes are foods instead of decorations
219,Earth is a planet of the solar system
220,people usually smile back at someone who smiles at them
221,"the sky is blue, not purple"
222,the hot dog is a kind of food served in a restaurant
223,"when you use shampoo, you wet your hair first"
224,a bullet is used to shoot someone to death
225,the egg will solidify after boiled
226,a book cannot bite
227,it makes reading much harder to turn off the light in the dark
228,Atlantic is an ocean instead of a continent
229,a cat is warm has nothing to do with whether she sits on the blanket
230,a steel cup is strong enough to survive a single fall
231,human beings do not feed on AC power sources
232,hamburgers are not healthy
233,fire will give out warmth instead of absorbing warmth
234,people usually become distracted when they are bored
235,catching a cold will usually make people cough instead of laugh
236,a cherry pie should be sweet
237,a cat cannot be worn on a person's head
238,a barbershop usually don't provide the service of repairing glasses
239,a person cannot sleep on a window
240,a desk is too big to be put on a lamp
241,stalling usually results in being late
242,pencils are not used for communicating
243,a stone cannot be used for heating
244,"making banana milkshake needs bananas, not apples"
245,you eat dinner in the evening
246,drinking too much wine will usually not make people sober
247,an artist usually cannot treat teeth disease
248,jokes will make people happy instead of sad
249,erasers are not for sharpening pencils
250,car accidents will make your life harder
251,it is bright outside in the morning
252,having nightmares usually will not make people relaxed
253,people don't kiss someone they hate
254,school buses usually bring children back and forth to school
255,hurting animals is not a nice behavior
256,rewarding criminals will only make them more savage
257,The car is a means of transport on land
258,Potatoes are not fruits
259,Taking off trousers is enough when swimming
260,Boys do not need a bra
261,Water is liquid
262,sweat helps human radiate heat when needed
263,The purpose of going to school is to learn
264,a rock is not smooth
265,a week only has 7 days
266,a mute can not speak
267,a deaf person can't listen
268,a cripple can not use legs in a normal way
269,an egg has no leg
270,a dog is weaker than a tiger
271,a desktop computer is not portable enough
272,coffee keeps people awake
273,rocket is used to carry things to space
274,borrowing means using other's thing temporarily
275,steaks are greasy
276,there is no water in the hole
277,war keeps human from developing well
278,a snowman will melt when the temperature rises
279,everyone has his right to control his own thing
280,nurses only help doctors
281,flowers have no consciousness
282,sugar will corrode teeth
283,ice is cold
284,more clothes make people warmer
285,snow is soft and rough
286,dirt is dirty and has no nutrition
287,the battery will deplete its energy
288,walking is too slow
289,the scope of a subway is always within a city and it can't move in space
290,a dog can not understand a computer
291,ice ball is hard and dangerous
292,chicken are not mammals
293,Mars does not have any civilization by observation to Mars
294,a Student's vocation is learning his course
295,Everyone needs to get nutrition by having something
296,A man needs some light to see
297,July is always hot in the northern earth
298,We need the equivalent trade
299,Cancer is a kind of doom
300,Life is sweet and bitter
301,Most fish can't breathe without water
302,Computers have no life
303,Some people live in the city
304,Some people are dishonest
305,Spoon is used for eating and too small
306,Brave soldiers are good soldiers
307,People always work outside during the workdays
308,A car is too heavy to human
309,Some people are ugly
310,the cement is too hard for vegetables' roots
311,Solving puzzle need patience and time
312,a Cord isn't medication
313,Visiting Mars needs an airship
314,Passengers wait for a bus at the bus stop
315,Ireland is on Earth
316,moldy bread is harmful
317,Oil is made from dead animals in the field
318,Gold is too expensive and too heavy
319,there are only earth animal in a zoo
320,Dancing can make people tired
321,the Boss should pay for your work
322,Sheep usually eat grass
323,My dad's mother is my grandma
324,Eating is a real action
325,a Coffee shop only offers drinks
326,a drawer is used to save small things like folder
327,penguins' wings are not strong enough
328,running makes me tired and hungry
329,a gymnasium is a place to sport
330,kissing is a pleasant action
331,climbing can lead to heights.
332,people usually eat cream in a hot day
333,thin clothes can't keep you warm
334,we can see dark clouds in the air
335,A hamburger is a kind of food to eat
336,wood will make fire greater
337,people can harvest fruits only after planting seeds
338,the water will make people wet while taking a shower
339,playing the violin requires learning
340,many people usually learn with books
341,only a few leaves are red
342,Failure is a bad thing
343,a police office is not a place for tripping
344,people need time to sleep
345,driving after drinking is dangerous
346,Babies are not strong enough to hold women
347,Breakfast is usually earlier than lunch on the same day
348,Some foods are difficult to cook
349,Pizza is usually round.
350,the island is surrounded by water
351,Some museums need admission tickets
352,trees are usually beneficial to the environment.
353,Diseases usually make people uncomfortable
354,Family members are related by blood
355,Some houses can't be bought and sold
356,Animals are alive and stone is not alive
357,communicating in different languages is weird
358,Most dogs only eat meat.
359,we have at most two eyes
360,the death of a family member makes people sad
361,violent tigers are dangerous to humans
362,people could get paid from jobs
363,money makes most people happy
364,most cakes are not salty
365,People walk very slowly while the car is fast
366,An amusement park is a place to play instead of a place to see animals.
367,fruits and vegetables are beneficial to the human body
368,A rose is classified as a flower
369,the human can only breath in the air.
370,Watermelon trees do not exist
371,Everyone has only one hometown.
372,there are many blood types but everyone has only one blood type.
373,coffee will awake people up
374,Not afraid of animals is necessary to hunters
375,Calculators can only be used for calculations
376,There is no black light in the world.
377,monkeys are not qualified to teach human
378,people can walk without hats
379,the people getting hit will feel pain
380,the refrigerator is a tool to keep food fresh
381,School is the place for learning
382,Fire will burn people's hands
383,wine bars are usually places for drinking
384,people usually sleep on the bed
385,Walking is free of charge
386,bikes are light
387,Ennui means that you do nothing and keep wasting time
388,the Fighter plane is a very big weapon that can't be owned by ordinary people
389,Fixing a computer is difficult
390,Accidents usually bring pain
391,Blind people can watch nothing
392,Growing up is the law of nature
393,The battery has a certain capacity
394,A drought is raised by lack of water
395,a Library doesn't have a barber
396,the Restaurant doesn't sell or lend the book
397,A classical concert usually can make people calm
398,Taking exercise will make you hungry
399,Actors only can be found at a movie
400,Going on strike is serious and may make people lose jobs
401,undesired things are useless to people
402,a Potato isn't a kind of fruit
403,a city won't exist near the volcano
404,a haircut includes beautifying the hair through trimming it
405,printers only prints the paper inside them
406,Walking is a form of exercise and can let people be stronger
407,moldy bread is harmful to human
408,we can meet many nice people in clubs
409,Wasting food is luxurious behavior
410,Staying up late will make people tired
411,A cinema is usually a place to watch movies
412,students are supposed to listen carefully in class time
413,the human can't eat wood
414,wars always cause the injured and the dead
415,People usually take medicine when they are ill
416,horror movies are usually scary
417,People don't have wings and flying needs wings
418,Washing potatoes is likely to damage the washing machine
419,at least fish can survive in the sea
420,wearing Wet clothes make most people uncomfortable
421,Only after your father is born can you be born
422,a library needs to be quiet
423,The earth is approximately a ball
424,Man can't stand the high temperature of the sun
425,Cats are usually afraid of water
426,Traffic jams can disrupt your schedule
427,Sitting or standing for long periods of time can clog our blood flow
428,The cat eats mice for food
429,Seawater is full of salt and mineral
430,Fireflies are beautiful when they glow
431,anthocyanins can be change into many colors
432,Winter is dry and there is not enough water vapor to form hail
433,A man's intelligence usually depends on his education
434,The mouth cannot filter out harmful substances
435,Sprouted potatoes are poisonous
436,Waste batteries cause pollution
437,Vitamin C is toxic when it's eaten with seafood
438,Smoking in public places will cause trouble to others
439,children are supposed to have adequate sleep
440,Ears are used to hear
441,Football is played by foot
442,Dinner should be around six o'clock
443,Westerners believe that the number thirteen brings bad luck
444,fruits contain a lot of nutrition
445,children are not allowed to drink beer
446,computer games are nothing to do with football
447,a rainy day is not suitable for playing football
448,copying homework does harm to your grades
449,Tokyo is the capital of Japan
450,we normally eat breakfast in the morning
451,working will make people more tired
452,birds are not able to breathe in water
453,most trees will die if they live in the ocean
454,the television is too heavy to take to school
455,it's easier for us to hold lighter things
456,an actor can't cure your disease
457,students will pass the exam if they work hard
458,people will be tired if they do too much work
459,wearing too many clothes makes you feel very hot and uncomfortable
460,you will have enough time to go to school if you get up early
461,the restaurant is the place for eating
462,no one wants to eat awful food again
463,the color of black can't help grasses living well
464,whales live in the sea and there is no sea in the forest
465,oil makes the fire
466,a video include the information of vision mainly
467,a sea is too expansive to be inside the classroom
468,willow catkins usually only appear in spring
469,a bamboo basket leaks water
470,snow will absorb heat when it melts
471,the metal is too hard to cut with scissors
472,kites can hardly fly high in rainy day
473,an ant is too weak to do that
474,penguins only live in the Antarctic
475,light travels much faster than sound
476,tigers are stronger than cats
477,fish have no wings
478,there are few snowy days in the summer
479,most plants turn carbon dioxide into oxygen
480,there is no soil for wheat to grow up in the ocean
481,the rainbow is made up of seven colors
482,sleep cannot relieve the feeling of thirst
483,When people grow old their hair turns white
484,Africans have more melanin in their skin
485,The children of close relatives may have many defects and are not ethical
486,Goldfish have no eyelids
487,Spider blood is turquoise
488,Bears hibernate in winter which reduces energy loss
489,Many insects can smell with their antennae
490,The skin of a fish smells fishy
491,Turtle metabolism is slow and its vitality is very strong
492,"When the leaf gets old, it will fall from the tree"
493,Bones contain a lot of minerals that make them hard
494,burning with Different chemicals will produce different colors
495,Silver can kill bacteria
496,Seawater has no color
497,there are too much salt in seawater
498,Light travels faster than sound
499,Tears contain salts
500,Cats need taurine from fish
501,If the audience is noisy the music cannot be heard
502,the winter in The north of northern hemisphere is cold and not suitable for wild geese
503,Some plants have round leaves
504,Rain can absorb pollution
505,The Olympics are for all athletes
506,Water can leak out of the cloth bags
507,Snow should exist at low temperatures
508,people who are born in Japan are Japanese
509,humans only have two legs
510,Cars are lifeless
511,Sea water contains salt instead of sugar
512,Books can't connect to the Internet
513,There are only twelve months in a year
514,It is difficult to judge a person's age by height
515,people can develop steadily without hurting others
516,most parents get along well with their kids
517,The bathroom is for bathing
518,Pigs are mammals
519,Basketball is not an instrument
520,There's no need to wear raincoats on sunny days
521,The duty of a nurse is to take care of patients
522,Nobody likes mean people
523,Fighting does not enhance our friendship
524,an eraser is an implement used to erase something
525,A party is not a place to learn
526,The temperature in Antarctica is very low
527,A car can't move forward without wheels
528,Eyes are for seeing
529,speaking Chinese can not improve your English speaking
530,Larger words are easier to read
531,sleeping is not able to build up your body
532,You cannot win the championship if you run too slowly
533,Tragedy usually makes people cry
534,if you like art you need to major in art
535,the Lamborghini is expensive
536,Snakes have no wings
537,soil cannot provide wood fiber for paper
538,the ingredients of soap are not suitable for cleaning our hair
539,rabbits are vegetarian so that they do not eat the frog
540,a scarf is used in cold weather to keep warm
541,Even if a student does not pass the exam it can only be said that his grades are not good
542,The Sahara is hot and there is no snow
543,It is illegal to smuggle drugs
544,The earlier he is born the older he is
545,Gold is very expensive
546,Guns are not used to sew clothes
547,Shoes are usually put on feet
548,Nearsightedness is the inability to see at a long distance
549,Without food people can only live for a short time
550,The stain can be removed by washing
551,You can't get over a broken leg without treatment
552,Sitting for long periods may cause hemorrhoids
553,Dogs do not usually bite their masters
554,Ripe apples have a lot of sugar in them instead of capsaicin
555,An ostrich cannot fly
556,Pillows can make people sleep more comfortably and healthy
557,Tableware makes eating more convenient
558,People usually wash and rinse in the bathroom
559,Toothpaste is specially used for brushing teeth
560,the moon just reflect the light of the sun
561,Most chairs are smaller than people and lying on chairs may be dangerous
562,Wardrobes usually can't shine
563,Lipsticks are cosmetics and men usually don't wear makeup
564,Most vegetarians only eat vegetables and fruits
565,Chocolate is poisonous for dogs
566,A watch is a timing tool
567,Watermelon peel is so hard that people usually can't bite it
568,Some people are allergic to peanuts
569,Jasmine usually has a strong fragrance
570,Cancer is hard to cure
571,the Drug is prohibited in most countries
572,Hens only can lay eggs and eggs may become little chickens
573,Rabbits usually have powerful legs and tortoises are slow
574,Doing homework is the basic responsibility of the student
575,Most snakes bite human and some snakes are poisonous
576,Different people have different fingerprints
577,there are also female Marathoners
578,A lie can sometimes break
579,Heart disease needs to be treated by a cardiothoracic doctor
580,It is illegal to hurt someone at will
581,some Green oranges are very sour
582,Toilets are used for excretion
583,A chair with three legs will not stand
584,coffee keeps people awake
585,The washing machine is used for washing clothes
586,A hot dog is a kind of food instead of the animal
587,There are only seven days in a week
588,After enough sleep we can be invigorated
589,It usually takes a lot to get a Ph.D. qualification
590,The sickle is for cutting grass
591,Burning garbage produces many substances harmful to the environment
592,At night the sun is on the other side of the earth
593,Diabetes can be aggravated by eating sweets
594,walking is too slow for something urgent
595,Air conditioning requires electricity to operate
596,Man is a social animal and needs friends
597,A tree without its bark will die
598,the lines of leaves are totally random and different
599,The sun will set at night
600,Mice are a kind of pest
601,driving without a driver's license is against the law
602,The statue of liberty is in America
603,In cold weather you may be frozen to death without clothes
604,Most people's brains can't remember everything forever
605,Girls generally prefer handsome boys
606,the school usually can't cure patients well
607,The USB plate cannot directly play music
608,The microscope's focal length is small
609,it is hard to fire with so much water
610,Potato chips are commonly made from potatoes
611,Mars lacks the resources of human existence
612,A guitar voices by its string
613,Water has no viscosity
614,Germinated sweet potato have poison
615,Some flowers do not emit fragrance
616,Pines do not fall in autumn
617,females generally pay more attention to outlook than males
618,apples can make apple juice
619,The younger the person is the faster the heart beats
620,The baton is used to direct the orchestra
621,Pines have few flowers and no petals
622,The refraction of light causes clouds to seem not transparent
623,there is no sunshine at night
624,the company spends money on my time
625,It is not necessary to cut too short hair
626,noise can interfere with their thinking in a noisy environment
627,Tigers are carnivores and not tame
628,working without rest is tiring
629,a table is too hard that you can't fall asleep on it
630,a ship is always close to the sea and the airport is far from the sea
631,Losers usually don't have any prizes
632,Too much smoking can lead to lung cancer
633,The radio can't connect to the Internet
634,We can access air on earth freely
635,bikes were invented hundreds of years ago
636,We usually do not use water to write
637,Canada is located in North America
638,You need to buy a ticket before you enter the museum
639,Birth is the beginning
640,Apple is a kind of fruit
641,the television is used to watch movies
642,French fries are junk food
643,People do not like ugly things
644,A joke is for people's laugh
645,The ruler is not sharp enough to cut things
646,Snow melts into water
647,The water in the desert has been steamed dry
648,It is impossible for human to reach the edge of the universe
649,Air can't power cars
650,Time is different from time to time
651,The law prohibits cars from driving too slowly at high speed
652,Computers are bigger than wallets.
653,Most universities need tuition fees to sustain themselves
654,Guns are very dangerous tools
655,Human beings can turn sugar into fat
656,Music usually has a pleasant melody
657,black music is likely to spoil
658,Dinosaurs have been extinct already
659,Books are not tools for surfing the Internet
660,Erasers are usually used to erase handwriting
661,Most toys are designed for children
662,It is illegal to buy and sell human beings
663,most viruses will make humans sick
664,The law is for keeping from people doing something
665,little sleep can make people tired
666,Sunlight can pass through the windows
667,Wood houses are not strong enough
668,Seatbelts protect drivers and passengers
669,Sharks may eat humans
670,alarm clocks make loud noises
671,umbrellas are used to keep out the rain
672,The police will catch thieves
673,Married people usually wear rings on their ring fingers
674,Doctors can help treat patients
675,Drinking sea water makes people thirstier
676,electric fans take away heat
677,Cameras can help tourists take beautiful pictures
678,Game addiction can affect students' study performance
679,Cats have no sensitive sense of smell
680,Diamonds are the hardest thing
681,Bosses are real leaders
682,Sunscreen protects people from sunlight
683,Gems are rare in nature
684,The stewardess is the flight service provider
685,Salt dissolves in water
686,Cats have a lovely appearance
687,wounds will leak Blood to heal themselves
688,People are usually covered by quilts while sleeping
689,Sheep are herbivores
690,Gasoline can power cars
691,Hospitals are places for treatment
692,no one pays to be unhappy
693,Willow is a kind of tree
694,Carelessness in dangerous places can lead to accidents
695,you can eat nothing if you close your mouth
696,The age of thirty is a period of vigor
697,There are no paper instruments in the world
698,the musical instrument will break If you play baseball with it
699,it can be difficult for a giraffe to enter the room
700,Tokyo is not a country
701,You need to take off your shoes if you want to press the button with your toes
702,Sleeping in a church is an insult to God
703,Sand is not a material for making paper
704,The mouth is for eating instead of seeing
705,Umbrella does not work well on windy days
706,Death is painful to every one
707,No one was eager to attend the funeral
708,Tigers are dangerous
709,Mammals are born from the womb
710,bad luck makes people upset
711,houses in rich area are usually expensive
712,it is impossible for a fish to fly
713,you are more likely to have a rest when you are tired
714,your fingers are part of your hand
715,the Vegetable salad has a lot of nutrition
716,A girl is a young female
717,going on a study will make you more tired
718,People have a good memory when they are sober
719,water will become steam when it evaporates
720,the earth is a planet of the sun
721,It is hard for grain to grow on barren land
722,The equatorial areas is the hottest place on earth
723,we usually sleep on the bed
724,People who are full do not want to eat
725,We should not disturb sleepers
726,Rude neighbors can disrupt your life
727,People without wealth are called the poor
728,you are able to dress casually at home
729,People trust a credible government
730,We should be on guard against bad people
731,Stupid people have poor comprehension
732,Few people go to unpopular restaurants
733,The cows live in the cowshed instead of the house
734,An autobiography records a person's real life
735,Gloves are worn on your hands
736,If you kill somebody you have to go to jail
737,Foxes are usually very cunning
738,There is no alcohol in water
739,people will feel uncomfortable in a dirty bathroom
740,five years are short for humans' live circle
741,People don't do things that make them miserable
742,Crying usually expresses sadness
743,We don't need to worry about too much about doing simple things
744,Left-handed people are better at using their left hand
745,He would be more sad if his friends laughed at him
746,It is not natural to fall asleep in light
747,We are punished for doing something wrong
748,People should stick to the job at work
749,The ruler is not sharp enough
750,Fishermen make a life by fishing
751,the risk brought by an earthquake is not negligible
752,Volcanic eruptions are dangerous
753,The quality of the environment is closely related to us
754,Couples will break up if they divorce
755,people need to appreciate artworks quietly
756,restaurants are the place for eating
757,my mother attaches much importance to my study
758,Alcohol is usually harmful to health
759,Only those who pass the exam can get a certification
760,friends do beneficial things for each other
761,Elephants are much bigger than people
762,it is time to study when you are young
763,you will learn a lot when traveling the world
764,Playing football requires a lot of space
765,people want to eat delicious food
766,cutting in line is a impolite behavior
767,The murderer will be put in prison and spit
768,we cannot touch the time
769,People will drown in the water
770,The sloth cannot digest meat
771,no one like the hypocritical persons
772,reading can help you broaden your horizons
773,there are usually no place in the desert for me to swim
774,cities usually develop better
775,Exercising is not sad
776,Windows are usually used for ventilation and letting light in
777,noises wake people up
778,water cannot provide air to humans
779,Luxury goods usually have high prices
780,Aircraft can't fly out of the atmosphere
781,Sound propagation Needs Medium
782,banana peels can make people slip down
783,water can conduct electricity which will lead to dangers
784,Plants contain a lot of fiber which can be used to make paper
785,Smoking damages humans' lungs
786,waiters serve customers at their tables
787,Bees need flowers to produce honey
788,Dreams are usually unrealistic
789,troops can protect the country
790,Playing the piano requires constant and skilled use of fingers
791,Gasoline burns easily
792,The future is usually unpredictable
793,Mice can spread diseases and bite things
794,Wolves will eat shepherds' sheep
795,There is little water in the desert
796,Taking notes makes learning more efficient
797,Materialists believe that there is no god in the world
798,eating kelp with Onions may cause stones
799,ATM does not have the function of offering bank cards
800,Software development requires machine support and human resources
801,Some boys like boys on the sexual aspect
802,generally more clothes will make us hotter
803,There are bacteria in the river water
804,Businesses sell goods for profit
805,Plastic is not durable for the key
806,Smelly rooms make it difficult to stay in
807,Milk will spoil after it is opened at room temperature for a month
808,Paper towels are made of grass
809,Dragons are imaginary animals
810,Copying homework is a kind of irresponsible behavior for learning
811,Baldness is common in old age due to genetic problems
812,We usually cry when we are sad
813,A computer can function without a mouse
814,Too much x-ray is harmful to the human body
815,Taking too much medicine is generally harmful to the body
816,Closing the curtains will obscure the Windows
817,You can't log in the new website without an account
818,exercising for a long time make people tired
819,water cups are used to retain liquids
820,Doctors go to the hospital to cure others' illness
821,only the injured person needs to call an ambulance
822,There are many cars driving on the highway
823,the guide's job is to help tourists
824,Eating junk food leads to obesity
825,Polluted water is harmful to human
826,Glasses can help myopic people see clearly
827,The environment in parks is usually great
828,running without shoes must hurt your feet
829,clothes made of wood are rare
830,Pigeons usually have a sense of direction
831,Too much sugar can damage your teeth
832,one person will die quickly without the heart beating
833,Wild tigers may attack humans
834,Elephants are much bigger than snakes
835,Trees can absorb vehicle exhaust
836,humans can breathe with their mouths
837,Computers are not waterproof
838,Food must pass through the mouth to reach the stomach
839,Rain will rust iron
840,Monkeys like bananas
841,The sunshine is usually weak on rainy days
842,it's polite to knock before going in
843,Crab forceps can hurt people's hands
844,grass usually grows in a warm environment
845,people usually perform well when he is relaxed
846,the sunset occurs at dusk
847,a chair is not big and broad enough
848,it is tiring to do housework
849,you need to eat food when you are hungry
850,people prefer to watch good plays
851,outdated equipment is useless
852,Most plates will die in extreme climates
853,Cosmetics can cover up skin defects
854,Basketball has no edges
855,the computer doesn't contain a mirror
856,the thinner the book is the shorter time it takes to read it
857,There is usually a mirror in the bathroom
858,Patients need a quiet environment to rest
859,Dragon is fictional
860,weak people are not suitable to be soldiers
861,Drinking tea is good for health
862,Family address is personal privacy
863,the Software is virtual
864,People who can't swim may drown
865,Mistakes can lead to bad consequences
866,Lightning usually occurs with clouds
867,School is the place to learn
868,Doctors need papers to qualify themselves
869,Tanks cannot float on the sea
870,collections in museums are precious and belong to the country
871,Dogs are usually humans' friends
872,Chickens can't fly
873,Traveling makes people relax
874,the sun moves from east to west in a day slowly
875,Businessmen don't want to irritate guests
876,people move slowly when it is crowded
877,some people do not drink wine
878,dishonesty isn't good quality
879,Everyone longs for love
880,Water is liquid and makes things wet
881,driving without a license is not allowed by law
882,It's inconvenient to bathe in clothes
883,people wash clothes to make them clean
884,people may get a tummy upset after drinking river water
885,Gold is very valuable
886,It's difficult to write while lying down
887,wheat is a common food resource
888,Mice usually carry pathogens
889,knives may hurt children
890,air conditioning can keep the room cool
891,Falling down makes people hurt and embarrassed
892,People usually rest on holidays
893,reading books when walking is dangerous
894,condiments are necessary for cooking
895,Tigers are carnivores
896,It won't snow in hot weather
897,there are no thirtieth on February
898,it needs keys to open the locked box
899,Neighbors live close to you
900,It is unsanitary to grasp food by hand
901,People marry because of love
902,There is usually no food in gymnasiums
903,fish don't live in the sand
904,It's usually hotter when the sun is in the sky
905,plastic can't suck water
906,There are many holes in the net
907,Calculators are not communication tools
908,The Moon is the Earth's Satellite
909,Gasoline smells terrible
910,elephants are bigger than human
911,aliens don't exist
912,the stone contains no nutrition and can't be digested by people
913,the short person is hard to show the beauty of the clothes
914,The stone is very hard
915,the chair is bigger than the bag
916,you will feel excited when you watch interesting movies
917,Trees need a lot of nutrition to grow
918,it will cost lots of time to read long articles
919,uncontrolled things often happen in the sea
920,it is soldiers' duty to protect their country
921,there is a lot of waste gas in the city
922,the more inexperienced the person is the slower the task gets finished
923,We must be always on guard against the enemy
924,a famous university prefers outstanding students
925,the master manipulates his servants
926,strangers are not allowed to enter my house
927,most plants need photosynthesis
928,you needn't turn on the light when there is bright enough
929,If you don't wash your hands after using the toilet you may have germs on your hands
930,It's cold to wear short sleeves outside in winter
931,The engine won't run without oil
932,Blood is an essential part of the human body
933,Drunk driving may lead to an accident
934,Aluminum cannot be magnetized
935,papers are too weak and fragile
936,Body wash is used to clean the body
937,the mind can't be used to manipulate actual things
938,fire provides a lot of energy to heat food
939,oil is not drinkable
940,no man could walk across the ocean
941,books are materials of knowledge and can't be eaten
942,the dishes were eaten during dinner
943,lemonade can only be squeezed from lemons
944,hot water adds extra heat in the human body
945,the first meal people eat in the morning is called breakfast
946,ice cream is not effective for pain
947,the guest ate the meal and therefore should pay for the meal
948,soda must have expired after 20 years
949,people don't eat medicine as meals
950,people don't do washing outside home
951,people take trains of the country
952,wool is soft and resilient to damage
953,wood is uncomfortable to step on
954,it costs less to produce artificial leather
955,things of tomorrow haven't happened
956,rocks have mass so they naturally fall down
957,clean clothes don't need to be washed
958,people don't foresee what's happening in the future
959,ancient people didn't know about smelting
960,people don't chase after bees because bees bite
961,basketball is a sport playing with hands
962,newspaper doesn't publish fairy tales
963,eyeglasses don't make any sound
964,people don't eat when they are asleep
965,people can't inhale or exhale with their eyes
966,a man usually marries a woman
967,in a wedding a man will marry his girlfriend
968,airport within the city won't cost a month to reach
969,a room could not accommodate one office of a company
970,a box is too small for a family
971,people say goodbye when they apart
972,a bag has no life and cannot walk
973,when something hurts it won't be comfortable
974,mother is not a job
975,car won't start with the action of rowing
976,running burns calories in food
977,a normal stomach can't hold 30 hamburgers
978,bikes don't float on the river
979,water is liquid that people can't skate on
980,a two-year-old baby can't even take care of himself
981,a class doesn't need so many teachers
982,people usually sleep in the dark
983,the head doesn't have enough space and nutrition to plant corn on
984,leaves age and no longer stay green in autumn
985,there are many buses after the first bus
986,cups are not containers for cookies
987,snakes are not sold in a supermarket
988,apple can't get water and nutrition under the tree
989,van can't be heated as a food container
990,dictionary requires a lot of work and can't be written in one day
991,people don't donate each coin they have
992,exhibits are not for sale
993,a goal only makes the situation better
994,radio is invisible
995,a tree is not suitable to sleep in
996,being energetic is a good condition for driving
997,pajama is too small to accommodate an elephant
998,"the ear can't see the new design, therefore, feel nothing about it"
999,the goal of climbing a mountain is to reach the top
1000,a comb isn't sharp enough to cut hair
1001,people shouldn't be noisy in libraries
1002,colors on the handle are of no use in opening the door
1003,security officers stop other people from robbing banks
1004,a course needs to be passed only once
1005,a hat is not a proper place to put money in
1006,people in a movie are called actors or actresses
1007,the police officer won't have any intimacy with a robber
1008,tigers shouldn't appear in public places like hospitals
1009,a fish tank is too small for a person to swim in
1010,a day is too short to make a vow
1011,people won't get grades to pass the course if they skip the exam
1012,good news won't make people feel depressed
1013,a movie is not written but filmed
1014,it's hard to capture everyone on earth in one picture
1015,selfish actions are bad behaviors that are not appreciated
1016,reporters collect news and they don't award
1017,hiss is made to bad presentations or expressions
1018,people tend to avoid things in nightmares happen
1019,high salary attracts people to stick to their job
1020,dentists are usually not good at stomach diseases
1021,email is fast to deliver messages
1022,some of the cake should be eaten by the birthday star
1023,"if the bullet misses, the target won't be injured"
1024,chalks are lifeless and unable to read anything
1025,treasure can only be inherited from people born earlier
1026,a plate is too fragile to play with a dog
1027,running shoes are necessary for jogging
1028,pages come later have larger page numbers
1029,longer school time leads to more homework and less free time
1030,a day is too long to be shown by hand on watches
1031,when people maintain the balance they will stay still
1032,a coat is not sold in grocery stores
1033,white is not a color of traffic lights
1034,when people have a shower they wish to have a better smell
1035,a t-shirt is too thin to withstand skiing weather
1036,"complaints annoy people, which should not happen at a birthday party"
1037,checking email requires an internet connection
1038,to review is to look back and summary
1039,a bedroom can be too small for a tree to grow
1040,jail is for those who violate the law and witness identifies those who violate the law
1041,blank has nothing on it so it can't be crossed out
1042,turtles breed by laying eggs and protect them
1043,wind can't be controlled by human beings
1044,to smoke the cigarette needs to keep burning
1045,brides use bouquet to pass their luck to bridesmaids
1046,seasoning box is for seasoning but not earrings
1047,meal break is the only time when workers are allowed to eat
1048,usually the one receives the letter write the reply
1049,people usually don't marry the one they are not satisfied with
1050,bill shows the dishes that have been ordered
1051,there's sunlight in the daytime so a torch is of no use
1052,drawer is too small and inconvenient to carry around
1053,blow dryer is of no use to dry hair
1054,soup is liquid but chopsticks are used for solid food
1055,DVD is a storage medium that has no function of searching
1056,watermelon has red juice
1057,socks are for feet
1058,cows can't jump as high as the size of the moon
1059,people leave valuable things in their will
1060,a bell is usually high on the door and difficult for a girl to reach
1061,economy class is the cheapest with no enough space to stretch out
1062,the railway connects rail stations
1063,sugar don't fall from the sky
1064,a garden is too big to be put on a table
1065,a job interview is a serious occasion and pajamas are too casual
1066,the mountain is not a proper place to put a guitar
1067,sleeping pills help you sleep quickly
1068,good grade can't be achieved in a short time
1069,a theater doesn't play a song
1070,each day doesn't start at 6 o'clock
1071,nests on the ground will be easily damaged
1072,a radio can't emit light
1073,the internet is virtual so it can't be surfed with a surfboard
1074,an accelerator is a device to speed the car up
1075,"to build a snowman people need snow, which won't occur in summer"
1076,paying the bill uses his money so he can't have more
1077,people refuel the oil tank in the car so the car needs to be driven to the gas station
1078,the condition of strong requires a long time to achieve
1079,when umbrellas are folded they don't provide shelter from the rain
1080,vegetarians also need food to live
1081,cola is a kind of drink and has nothing to do with the power of a car
1082,a pilot is usually not in charge of the assembling work
1083,a finger doesn't contain any color ink
1084,businessmen are not good at catching a mouse especially at the airport
1085,feet aren't at the end of your arms
1086,a pair of twins are delivered one by one closely and a day is too long
1087,evidence are not used to commit a crime
1088,soap is not sharp enough to cut one's finger
1089,a dog isn't good at cleaning an apartment
1090,garlic will cause bad breath after people eat it
1091,to clean a room is to sweep the dirt and get rid of trash
1092,hot pot is not served as fast food
1093,a gym doesn't serve any food and people eat before they work out
1094,a dog and a mouse don't infringe each other
1095,Earth is created through billions of years
1096,to take money from one's own pocket is not stealing
1097,for a people on earth the stars are above our eye level
1098,doctors helped us when we are in mental or physical illness
1099,fictions are published on books
1100,to take a good rest one should sleep long enough
1101,if a phone is disconnected it will not ring
1102,"people use their leg to jump up, not their eyebrows"
1103,a waterfall falls from the cliff of a mountain
1104,a singer doesn't know how to lead on a ship
1105,a magnifier isn't accurate enough to observe a cell
1106,shoes are worn on the feet and have nothing to do with eyes
1107,seashell isn't big enough for josh to step into
1108,if people walk barefoot they are fragile to sharp things
1109,people can talk or keep silent when they do some exercises
1110,a degree is granted from a professional institution and family is not one
1111,the emotion of like doesn't have an accurate time period
1112,drakes don't provide friction to stop the wheels
1113,eagles are birds that can't live in the sea
1114,id card's only value is to identify someone
1115,environment on the moon is not suitable for the human being to live
1116,a banana peel is too small for a person to sleep on
1117,banana is a fruit grown on banana tree
1118,rabbits eat carrots as their major food
1119,history must have happened rather than
1120,driving too fast is dangerous and always punished
1121,to check on someone one ill must contact him/her
1122,people who work hard shouldn't be punished
1123,a bowl is too small for a boat to float
1124,a radio can't hold other things
1125,a van can't run on a lake
1126,jewelry are not sold in a grocery shop and they are not sold in a can
1127,a dancing party is not a good place to show off one's watch
1128,breaking one's heart is about emotion
1129,chop suey is a dish while chopsticks are tools to eat
1130,shower curtains are made of plastic
1131,laptop can't be a container of actual things
1132,tv doesn't have a function of writing a letter
1133,an earpick is not designed for teeth
1134,people usually receive on their birthdays
1135,a hair is too thin for lily to hide behind
1136,shower curtain is not for shielding light during the night
1137,the relationship between a couple is not an affair
1138,hats function as a shelter for heads
1139,a word can't be handed without writing it down
1140,bills need to be paid and are non-borrowable
1141,a key is used to open a door safely
1142,tea is for the guest to drink
1143,America is too big to be in the same picture with a man
1144,an employee needs some rest after a while
1145,it's impossible for a human voice to pass that far
1146,the rain won't make any sound if they pass through the window
1147,couple send and receive mature roses on Valentine's Day
1148,bus stop can't accommodate anyone
1149,to make mistake is not good in study
1150,a cloth can't be worn for any occasion
1151,using a machine is to replace labor
1152,a poor work will not be thought highly of
1153,students are not allowed to discuss during an exam
1154,people's parents naturally want them to be successful
1155,adults are old enough to decide whether they want to drink beer
1156,people learn from what happened in the world
1157,a dog can't answer any question
1158,the road is for cars to go on
1159,a choir has several singers and performs singing
1160,a shopping list is a reminder of things to buy
1161,police officers don't eat anything when they are handling emergencies
1162,monsters don't write as human do
1163,a fly is too small to be a transportation
1164,conversations don't cause puke
1165,eating too much candy is not overdosing
1166,buying a house doesn't make you dirty
1167,calling someone puppy won't make him feel surprised
1168,a meeting doesn't hold in water
1169,eating an apple requires a few mouthfuls
1170,a printed stamp made the letter undeliverable
1171,a drive-thru only serves fast food
1172,concert seldom hold in the dining hall
1173,steel is not a good material for paper
1174,meeting room doesn't provide entertainment
1175,mop is used to absorb water from the floor
1176,street fighters don't know how to put out a fire
1177,honey is inanimate and can't dance
1178,a watch is too small to be worn on one's waist
1179,sleeping pills only make people feel sleepy
1180,people don't usually tell the secret to everyone
1181,no fart has a good smell
1182,food won't enter our stomach without swallowing
1183,gum is of no use in a hunt
1184,sunshine brings energy to dry the yard
1185,a ship can't sail across the ice
1186,a ship may sink after a collision
1187,melodies are elements in music
1188,bat is not used in a soccer game
1189,a bank doesn't have a river and a person can't walk on a river
1190,a student doesn't find ways to teach professors on purpose
1191,cakes are too soft to be a seat
1192,a discount means you don't spend more money than the prices of your groceries
1193,the sun brings light that dispels the darkness
1194,having a conversation over phone requires someone the hold the phone
1195,a flood is bad for farm products to grow
1196,a skydiver can't glide in the sea
1197,the vaccine helped the baby to be immune to the disease
1198,most fresh air comes from outside
1199,dogs don't know how to climb a tree
1200,a painted chair needs some time to dry
1201,vegetarian restaurant only serves vegetarian food
1202,future clothes don't have a fixed size
1203,a cattle can be strong but not splendid
1204,cash of one million dollars can't be put in a wallet
1205,people who park illegally won't be punished to sell the car
1206,eggs hatched will become chicken which can't be used for eggnog
1207,if a student feels good he should go to school
1208,people won't be praised for bad behavior in public
1209,when people lose weight they become slim
1210,when people work they are usually in their office so the dog is not left
1211,aircraft roadway only allows planes to take off and land
1212,the surface of a girl's body is skin
1213,bugs are usually small and they don't need a bed for human
1214,people don't use hands to stand up
1215,chill is about temperature or feeling so it's not edible
1216,penguins belong to a kind of bird
1217,the principal room can only contain a small number of people
1218,pilots are not allowed to bring their moods to work
1219,wind usually doesn't blow off your shoes
1220,plates are used to contain food
1221,a blind person doesn't need louder sounds to hear clearly
1222,walking accelerates the blood circulation in the foot
1223,a photographer usually takes photos of people having positive emotions
1224,cracked floor has greater friction than a flat floor
1225,a popular bar doesn't close early
1226,parking is an action of stopping one's car
1227,if a kid was spoiled he was likely to stay in this comfortable situation
1228,a watch is used to record time and people look at their watch for the time
1229,many people went to the bar on their own for a drink
1230,students who get good grades don't get punished
1231,a train on a bridge can still receive the sunlight
1232,hiding in the shell is a way to protect itself
1233,an elder sister usually wear clothes of larger sizes
1234,to set a bomb off is to make the explosion happen
1235,a dog doesn't know how to cook
1236,books are created for human to read
1237,a wrong turn usually cost a driver more time to come back
1238,new batteries provide power to make the flashlight on
1239,scratch causes a scar on human skin
1240,a burglar doesn't call before his theft
1241,he didn't have to hold the door for someone passing before him
1242,a mirror in the bathroom got fogged up usually because the air is humid and warm
1243,a security guard won't let anyone who's behaving strangely pass easily
1244,the steering wheel controls the direction of the car
1245,to iron clothes is to make them tidy
1246,a hospital aims to help people no matter how bad the situation is
1247,people are not allowed to sit on places other than seats
1248,after admission a student needs to gain several credits to graduate
1249,a river is too big to be on a sidewalk
1250,people can't sense any smell with their ears
1251,the audience liked a comedian with a sense of humor
1252,a referee doesn't usually interact with a coach
1253,a breath came from inside the mouth
1254,a lost man can't draw a map
1255,gas pedal controls the oil tank of the car
1256,if evidence is discovered the truth will be discovered
1257,words are printed on books and they will not be wiped off
1258,gum is indigestible so people usually don't swallow it
1259,people should be allowed to enter a bar with their ID
1260,a crater formed when a larger substance comes into contact with a smaller substance
1261,to maintain one's reputation he should use his real name in charity
1262,a smile is a natural expression so it shouldn't be ashamed of
1263,an x-ray can't detect people's skin
1264,air is everywhere so it's already in a bucket
1265,an older version of computer hardware is usually less efficient
1266,travelling around is not a sign of religion
1267,it was unnecessary contents that made the drawers cluttered
1268,someones pets don't understand his show-off
1269,homesick is a longing for one's home during the absence from it
1270,a rocket requires some time to be assembled
1271,to murmur is to make a soft and indistinct sound
1272,a tree is too large to be put into a vase
1273,blush is from inside while lipstick needs to be applied
1274,seed grow at a normal rate in soil without additives
1275,the effect of dirty water is the same as clean water
1276,positive consumer reviews lead to more buyers therefore increase the sales
1277,if he skipped the appointment with his dentist his toothache may not relieve
1278,a referee didn't play for any side of the game
1279,animated movies are usually for kids
1280,an important email shouldn't be deleted because the information would disappear
1281,"each answer was worth several points and if it's incorrect, the points will be subtracted"
1282,the toy one liked most would please him
1283,the top of a slide is usually the tallest place on the slide
1284,humans do not have wings
1285,people cannot eat table
1286,comb cannot leave a mark on the paper
1287,cotton is not sharp enough
1288,radios do not have screens
1289,Strikes sometimes paralyze many living facilities
1290,sellers are usually the one who give objects
1291,You usually get paid for running errands
1292,people only use the calculator to get an answer when they have a question
1293,sleep will not enhance your academic education
1294,war is dangerous and can refresh people
1295,coolness is not exciting
1296,school doesn't offer drinks to people
1297,you cannot see anything with closing eyes
1298,It's inconvenient to carry something big
1299,people usually have a party with other people
1300,hospital doesn't have a cost of admission
1301,dancing cannot make the bicycle move
1302,torch give out a quantity of heat
1303,people cannot eat anything when they full
1304,people can understand better the knowledge which is easy
1305,People are more willing to do things of interest
1306,Spanish differs from English
1307,It's wrong to hurt others
1308,Your friend will make you unhappy if he likes someone you don't like
1309,Babies occupy less space than adults
1310,birds live on trees
1311,Not answering questions does not kill people
1312,film make people happy
1313,The temperature is low on snowy days
1314,"A ship has no wings, so it cannot fly in the sky"
1315,taking a bath is used to make people clean
1316,There are different colors of different races
1317,Harder tires friction is small
1318,disabled people cannot do some normal things
1319,Do not eat breakfast will make people malnutrition
1320,boys do not like to make up
1321,Human beings need a good environment to survive
1322,It is against the law
1323,flowers need water to live
1324,Only in fine weather you can have a picnic
1325,people do not like things they are not interested in
1326,doing exercise make people healthy
1327,eating a lot makes people store fat
1328,A haircut shortens a person's hair
1329,failure make people depressed
1330,winter is cold to get out
1331,furniture stores do not sell bread
1332,there is no room for basketball in the printer
1333,the boat cannot park in a garage because it is no water there
1334,"normally, sleeping is safe for humans"
1335,there are few games on the radio
1336,water cannot give enough power to push the space shuttle
1337,the male cannot conceive
1338,people seldom do that
1339,there is no water in a car
1340,the stone is too hard for that
1341,Paper cannot withstand the heat of the fire.
1342,people cannot dream without sleeping
1343,people usually do not married with another one they don't like
1344,water can not be used to communicate with people
1345,sleeping is not helpful for the education
1346,Water does not have enough high temperature.
1347,sleeping cannot make people drank
1348,The brakes are on the right side of the cab.
1349,Oil does not quench people's thirst
1350,Vegetables are nutritious and healthy
1351,Sleep can make people rest and not feel tired
1352,You can't play the guitar without strings
1353,Ink stains clothes
1354,"If you eat less, you will lose weight"
1355,workers will be paid after working
1356,males cannot conceive
1357,Distraction can make people careless and inefficient
1358,Electronic devices need to be energized to start
1359,Lunch is later than breakfast
1360,The sink is too small and dirty to sleep in
1361,The teachers' duty is to teach students
1362,Too bright lights can affect the effect of a movie playing
1363,Water usually doesn't start a car
1364,Competitiveness comes when two people are equally successful
1365,Elephants do not live in the lake
1366,Newspapers have no function of translation
1367,"Down clothes will sink when they are wet, which will affect athletes' performance"
1368,No stars are visible during the day
1369,People don't use newspapers to communicate
1370,"When arguing, both sides are usually very angry"
1371,The housework is for cleaning furniture
1372,Customs will not check the drivings license when people enter or leave the country
1373,Bars mainly sell drinks
1374,The back rows of the classroom are too far from the platform
1375,Raising the volume will make the voice louder
1376,Because teams with low scores usually don't perform as well as their opponents
1377,You can't evaluate a book without knowing its contents
1378,The other side of the earth is too far away
1379,"If you lose too much weight, you'll get smaller"
1380,People laugh when they find it funny
1381,different hairstyle looks different
1382,nicotine in cigarettes is harmful for the lungs
1383,your car may be inspected in many cases
1384,wind doesn't have much to do with humidity
1385,elephants can only live in the zoo or the wild
1386,milk is milked by milkers from cows
1387,GDP is an economic indicator
1388,cheese is harmless to mice
1389,shoebox is used to put on shoes
1390,a low price is not the reason people don't buy something
1391,there are no watermelon trees in the world
1392,banana can mean a kind of fruit but can't mean a kind of color
1393,no one can eat the plate
1394,my fear can't lead to the plane crash
1395,cows and sheep are animals and can't be planted
1396,going to a restaurant is not the only way to have lunch
1397,arms are not suitable for walking
1398,wedding rings are made by metal and diamond
1399,boat needs water to float
1400,a pilot is very likely to be unable to give you right advice about travel
1401,closed window will block the way you jump
1402,you can also wake up if you fell asleep but no dreams
1403,a finger is a part of a human and can't be stolen
1404,"tiger live in the land, no in the sea"
1405,lunch can't make you clean
1406,light has no sound and can't be heard
1407,people don't like being treated rudely
1408,kerosene is flammable
1409,the gallery is the place to exhibit paintings
1410,a plate is too shallow to hold the coffee
1411,check things under the window can't help you find the reason
1412,we can't get the nutrition in the apple by smelling it
1413,light can't penetrate the wall
1414,what recorded in the diary is not a future event
1415,parking on the highway violates traffic regulations
1416,basketball is not a kind of instrument
1417,microphone is not a character of a person
1418,sleep with shoes on is very uncomfortable
1419,humans don't have wings
1420,lazy people can't complete things that travel needs
1421,kissing is a way to express intimacy rather than disgust
1422,first class seat is more expensive
1423,the boss will be unhappy for employees being late
1424,bathtub is too small for swimming
1425,an invitation is asking someone to come to a social event
1426,kerosene is not humans' food
1427,no debit is a thankful thing
1428,no one will enjoy food tastes bad
1429,the bar is often too noisy for people to concentrate on preparing for exam
1430,the menu is used to order food not to cook food
1431,people don't need to see things clearly when they are sleep
1432,human can't eat stones
1433,the army is used to destroy the enemy
1434,"when you are in the water, a computer can't help you get back to the land"
1435,loud voice will attract people's attention
1436,usually rain can't shake the building
1437,crutches are tools that help people to walk
1438,people know how to cry since they were born
1439,sleep can't make you full
1440,it's dangerous to leave the door open
1441,friends are people we like to stay with
1442,white can't be used to describe a person's mood
1443,it's meaningless to water the plants when they are already dead
1444,there's no sunshine in the evening
1445,I should be born later than my big brother
1446,kicking the teammate into the goal can't score in the football match
1447,the heat from the screen is not enough to warm a human
1448,soup is liquid and can't be washed
1449,human can't fly
1450,you need to take ship or plane to go to the Arctic from China
1451,the cloud won't fall to the ground
1452,a product doesn't have life and can't be fooled
1453,taking exercise consumes energy
1454,you can buy many things at a reasonable price
1455,knowledge can't be bought
1456,a car is too big to put in a wallet
1457,fishing doesn't require a swimsuit
1458,referee's duty is to oversee the game
1459,people don't buy books in hospital
1460,there's no life in the Moon
1461,there's no doctor in pharmacy
1462,there is no sugar in ocean water
1463,microphones don't have life
1464,I can't lose my car when I'm driving
1465,feeling regretful for being sent to prison makes sense
1466,comedians' job is to make the audience happy
1467,you don't need to have a sleep before lying to bed
1468,you don't need to feel nervous since the exam is over
1469,something you don't understand may still be useful
1470,audience of baseball game don't need to play baseball well
1471,things written in the diary is not news
1472,a sport is an activity
1473,books in the library are not for sale
1474,coffee is not a kind of alcoholic drink
1475,the alcohol in vodka will make people drunk and stupid
1476,grass is too soft to make a bowl
1477,psychologist can't cure physical illness
1478,fertilizer is not a plant and can't be planted
1479,a cinema is a place to play films rather than shooting films
1480,a human is too heavy to ride a cat generally
1481,lovers always want to stay together
1482,most children love eating chocolate
1483,victims of bullying will be painful
1484,people will become full after eating food
1485,washing machine is used to wash clothes
1486,hair will grow longer without spending money
1487,baskets have many gaps and can't hold liquid
1488,using glue will make us can't take off shoes
1489,sharing food is not teachers' duty
1490,children are born with the ability to laugh
1491,we taste art based on our own ideas
1492,the airport is a building and can't move
1493,the weight machine can't measure a person's height
1494,invigilation is the teachers' job
1495,rich people don't need to live frugally
1496,fork can't hold liquid
1497,being a husband doesn't require special skills
1498,barking is not a kind of smell
1499,the rocket is used for space travel
1500,eyeglasses can't be used to keep warm
1501,eyes can't move the door
1502,human only have two hands
1503,socks are not worn on the hands
1504,you don't need to feel pressure when you finish your work
1505,clouds only stay in the sky
1506,steel is not flammable
1507,a red traffic light means stop
1508,flood is a natural disaster and nobody wants it
1509,swimming pools don't have the wave that surfing needs
1510,mouth is a part of the body and can't be forgotten
1511,a compass is not a measuring tool
1512,being laughed at by others is a painful thing
1513,the wind is made up of air and can cover nothing
1514,there's only one moon in the world
1515,let others fall in love is not a crime
1516,nobody wants to get sick
1517,people wearing life jacket may still fall into the water
1518,ice cubes will only make the drink more iced
1519,cookers are tools to cook food
1520,there's no water in the wall
1521,smart people learn things fast
1522,we don't use hand to walk
1523,an elephant is too big for a human's stomach
1524,the chef's job is cooking
1525,it's very rude to yell at others
1526,animals can't prepare food for humans
1527,your body can't get clean with clothes worn
1528,a glass can't be reused after breaking in pieces
1529,there's no space in a book to store boxes
1530,you can catch a fish without singing
1531,humans don't have tails
1532,married people are not single
1533,leaves have nothing to do with fixing trees
1534,most people consider sunny day a pleasant thing
1535,people can't walk in the handrail
1536,work is a burden for most people
1537,toothbrush is used to clean teeth
1538,rain isn't the main cause of drenching on the beach
1539,ticket windows don't buy tickets from customers
1540,bad luck leads to bad things
1541,people can shop online without the hi-fi
1542,being in charge of a project doesn't need laziness
1543,murder is against the law
1544,the tomato paste is mostly used in the kitchen
1545,babies don't need beer
1546,no one can buy moon now
1547,the library isn't the habitat of bears
1548,kitchen doesn't have sleep equipment
1549,have higher payment is a good thing
1550,kangaroos stay in their mothers' pouch when they are young
1551,apples are not liquid
1552,expired food is bad for health
1553,you need to pay money back to the bank after using a credit card
1554,doing homework can't make you healthier
1555,there's no equipment to build a car in the store
1556,swimming is only a part of playing water ball
1557,swimming is not a kind of art
1558,sunlight can make skin darker
1559,the faster a car runs the more difficult it is to stop it
1560,what you lost is a job when you are fired
1561,we can't surf the Internet with only hardware or software
1562,robots are all from the factory
1563,humans don't eat fuel
1564,criminals are punished by staying in prison
1565,a person can't go to the hospital if he is dead
1566,sound can't be seen
1567,doctors don't need the care of nurses
1568,soccer field is used to play soccer
1569,taxi isn't a car for sale
1570,it's difficult to find things in a mass
1571,ring should be worn on the hand
1572,rulers can't calculate numbers
1573,the well is not a plant
1574,making fish tanks need transparent material
1575,the wine rack isn't suitable for putting books
1576,we can't judge one's appearance by smelling
1577,erasers are made by rubber
1578,there's no sun light in the dressing room
1579,clothes dry very slow in a damp environment
1580,firefighters are responsible for handling fires
1581,the mind is not a human organ
1582,the bait is not food for people
1583,the duck can't dive in the water
1584,having fun can't help you study better
1585,butchers only sell meat products
1586,the fork is not suitable for cutting
1587,eating too much can't help you lose weight
1588,parents want their kids to go to the best school
1589,wine cellars are used to store wine
1590,stimulant pills will make people feel more excited
1591,the policeman only handles crimes
1592,cats don't eat bamboo
1593,zoos also collect common animals
1594,a model needs a good figure
1595,salt can't make food sweeter
1596,people can't hear others' mind
1597,hats can't stop the infection
1598,woman don't sprout a beard
1599,the phone ringing means a call came in
1600,calling doesn't require people to stay in the same place
1601,the root grows underground
1602,ordering too much food will cause food waste
1603,Islam doesn't allow believers to eat pork
1604,people are attracted by the taste of the drink
1605,driving doesn't require drivers to balance themselves
1606,people can't grow younger
1607,air conditioning is not used for lighting
1608,no one will marry an unfaithful woman
1609,only solid can pack things
1610,toothpaste is used to brush teeth
1611,people in the movie can't interact with the audience
1612,everyone needs to drink water
1613,people who haven't made mistakes should also line up
1614,ears are used to listen
1615,mines kill people and make the world worse
1616,running improves our athletic ability
1617,spring is the season of sowing
1618,advertising is designed to attract people to buy products
1619,the chef can't help her drive her car
1620,speaking to mother is a normal thing
1621,people can solve simple calculations by ourselves
1622,American doesn't speak Chinese
1623,books are not containers
1624,standard English is easy to understand for Americans
1625,routine physicals don't include any treatment
1626,nobody will pay you for sleeping
1627,only women can be pregnant
1628,people admire those wearing nicely
1629,afternoon comes later than morning in a day
1630,the cafe is not a place to sleep
1631,not everyone eats rice
1632,people set up companies to make money
1633,the shopping mall is mainly used for shopping
1634,a poem is made of words
1635,no wall can touch the sky
1636,the handle on the door is a very practical thing
1637,journalists write articles in a newspaper
1638,a CD can't store videos
1639,hardware can't be downloaded
1640,the headphone is a private music player
1641,public toilets are divided by different genders
1642,parents want their kids' rooms clean and tidy
1643,programmers are not farmers
1644,musicians need to have a lot of professional knowledge
1645,libraries are not used for sleeping
1646,code on the paper can't run
1647,plastic bags have caused many environmental problems
1648,the sun is on the other side of the earth in the night
1649,fatigues are used to camouflage something
1650,recalling something requires a good memory
1651,barking is not a human language
1652,sending emails doesn't need stamps
1653,walking alone in darkness is considered a dangerous thing
1654,rain can't get into people's heads
1655,you can eat other food to live
1656,apples are what we need in apple trees
1657,stone is not flexible
1658,it's always extremely cold on the south pole
1659,farther distance is a disadvantage
1660,nobody wants terrible food
1661,cleaning bowls is not a creative work
1662,uniforms don't have any legal effect
1663,I will have no place to stay if I burn my house
1664,only animals can cry
1665,dogs can't speak humans' language
1666,sunglasses are used in sunny days
1667,brushing your teeth can make your teeth cleaner
1668,scientific research should be realistic
1669,traffic lights tell us if we can go across the road
1670,the city doesn't have the conditions for agriculture
1671,dead people can't speak anymore
1672,wallet is too small for a person
1673,the thing we picked up doesn't belong to us
1674,the climate is not created by humans
1675,no one will pay for fingerprints
1676,a person only has one head
1677,the lipstick is not a medical product
1678,crops don't eat meat
1679,plum blossoms only exist in winter
1680,desert can't be sold in shopping malls
1681,low-calorie food provides less energy to people
1682,chickens are not mammals
1683,advanced medical technology keeps more people away from death
1684,stars are not solid objects
1685,sailors work in ships and ships always float on the water
1686,housework has little to do with what students learn in school
1687,being actors has a high requirement for appearance
1688,normal things can't attract people's attention
1689,a party hat shows disrespect at a funeral
1690,nice dress will make one feel confident
1691,we can't make hair longer by cutting
1692,there are too many stars to count in the sky
1693,the tail is not used to breathe
1694,we can't drink other people's breath
1695,the trunk is used for storage
1696,gloves will make chefs' hands less agile
1697,giving up the right of freedom is not the reason people go to jail
1698,it's summer in June in Singapore
1699,we don't wear umbrellas
1700,campuses are too small to use planes
1701,scoring goals means your team can win the game
1702,people should be punished rather than rewarded for cheating
1703,people only bleed when they are injured
1704,people do need to try out products when they are shopping
1705,drivers can't read books when they are driving
1706,a human only has one mouth
1707,cat walking is used by models in the show
1708,the atmosphere in funerals is sad
1709,chalk is used to write on the blackboards
1710,men can't have childbirth
1711,growing crops is farmers' job
1712,Photoshop can't change the colors in the real world
1713,telescopes are used to observe things far away
1714,we don't use fire when we take a shower
1715,the cinema is a place for watching movies rather than drinking
1716,it's my children giving birth to my grandchildren
1717,you need your passport only when you are abroad
1718,bicycles don't consume fuel
1719,humans can't drink gas
1720,most people can get mushrooms to eat easily
1721,humans' fingerprints can't be changed
1722,the disease can't spread through eye contact
1723,only females menstruate
1724,waterfalls are not created by humans
1725,it's impossible for people not to sleep for two years
1726,we can also use mouth to breathe
1727,friendship is not a ship
1728,no one will award the thief
1729,people know their genders
1730,people say goodbye to each other when they are about to be separated
1731,the police station is not a place of consumption
1732,voice is useless in writing a story
1733,life jackets are used to float in water
1734,people don't want to break up with their lovers
1735,different people may have the same names
1736,the rain will bring water to the river
1737,the concert is a music activity
1738,artists are humans
1739,plastic can't burn
1740,knowledge promotes the development of science
1741,air can't provide energy
1742,I don't need to cook in the restaurant
1743,finding true love is a very lucky thing
1744,the sun shines on China every day
1745,drug trafficking is illegal
1746,reserving tables happens in the restaurant
1747,being too busy can't be the reason you help others
1748,short sleeves have poor protection
1749,you can only make appointments for future events
1750,plastic surgery can't make you healthier
1751,human liver is not an ingredient
1752,easy to get will make things cheap
1753,taking pictures can't make ingredients edible
1754,people expect good things when the price is high
1755,landfill will pollute the soil
1756,leather belt is used for dressing
1757,starving people need food sources to fill their stomachs
1758,money is useless in natural disasters
1759,the campfire will burn the tent
1760,skirts can be worn on boys
1761,smart watches don't consume fuel
1762,sleeping can't help you get off the jet
1763,watering the leaves is meaningless
1764,I can't chat with them if I quit them
1765,homosexuals love people of the same gender
1766,cute appearance doesn't prevent weighing
1767,the malignant tumor kills the patients easily
1768,butterflies are not food for human
1769,it's impossible for people to grow shorter
1770,pens have no space to take notes
1771,eating rice doesn't need to cut
1772,scores are written by teachers on the paper
1773,perming can't change the length of hair
1774,twins don't necessarily die at the same time
1775,any things that are one kilogram are equally heavy
1776,air conditioning can warm up a room
1777,one person only has one legal passport
1778,noble things include unselfish things
1779,spring festival is the Lunar Festival
1780,we can keep credit cards when we owe the bank
1781,desktop pc is too heavy to be carried around
1782,clothes' prices are printed on the price cards
1783,a photo can only record one moment of an action
1784,doctors need to be recognized by their patients
1785,people will have less and whiter hair when they are old
1786,god doesn't exist actually
1787,slippers are too informal for weddings
1788,grasshoppers contain little water
1789,you will get wet in open air park on rainy days
1790,soil on the earth's surface is less than water
1791,most students can't be educated at the concert
1792,people can communicate in many other ways
1793,languages will change to adapt to changes in the world
1794,coffee can't improve intelligence
1795,bicycles don't have accelerators
1796,humans can't eat iron
1797,parking lot is used to park cars
1798,muscles develop very slowly in old age
1799,animals develop from eggs
1800,car speed has nothing to do with its cleanliness
1801,cleaning toothbrush doesn't need toothpaste
1802,drinks in vending machines are not free
1803,it's weird for stars to photograph others
1804,a funny joke should make people laugh
1805,sharks don't live in the swimming pool
1806,people can't do anything else when they are sleeping
1807,the distance between China and America is too long to walk
1808,money is useless to animals
1809,everyone on the team needs to take on the work
1810,being late for school is a violation of regulations
1811,skirts are inefficient in keeping warm
1812,most people don't have big enough houses to drive a car
1813,hands can't touch the ball in a soccer match
1814,street lamps light for everyone
1815,plants can grow on their own without human intervention
1816,seeing old friends is a happy thing
1817,people don't need to feel upset in a hopeful situation
1818,it is too cold to eat ice cream in winter
1819,read messages are messages that have already been checked before
1820,vaccine can only prevent disease
1821,the pan can't squeeze the juice contained in the fruit
1822,taking a vacation is very relaxing
1823,disguise covers up the answer
1824,recipes can only increase your chances of cooking food well
1825,hiring employees will increase the company's losses
1826,blind men can't see but they can hear the sound
1827,clouds will block the sight of observation of the stars
1828,baseball caps are useless in protection of the head
1829,you can't buy presents without money
1830,zoo visitors' attention is all on the animals
1831,cowboys can drink water by themselves
1832,people go to the cinema for fun
1833,only songs can be sung
1834,the price doesn't change when you pay by credit card
1835,dogs can't understand what humans say
1836,drinking before the game will make the player performs worse
1837,people on TV can't communicate with the audience
1838,humans can't control the wind to transport goods
1839,ships move in the water while the train moves in the land
1840,a gym is too heavy for humans to lift
1841,friends aren't those doing business with you
1842,you don't own the thing you borrowed
1843,the pharmacy doesn't have equipment to do surgery
1844,losing fingers is not a fortunate thing
1845,couples believed each other would continue to live together
1846,salt food has little to do with gaining weight
1847,the weather can't be tasted
1848,the height of an adult basically doesn't change
1849,link is not a material object and can't be touched
1850,nobody can buy artifacts in the museum
1851,the alarm ringing announces emergency
1852,safety check before taking a taxi is meaningless
1853,health can't be bought
1854,violence can't help you learn knowledge
1855,atoms are so small that it's impossible to see them by using optical microscopes
1856,the fashion show is held to exhibit the latest achievements
1857,drivers need to sit in their seat to drive the bus
1858,the fire is too hot to cool anything
1859,humans can't be sold
1860,computers will be damaged if they are washed
1861,mountains are much more higher than cupboards
1862,people can't go through the wall
1863,good ideas can only come out from your mind
1864,the microscope is used to magnify tiny things
1865,passengers will die if they sit outside the plane
1866,party is held to celebrate happy things
1867,pillows don't have lives and can't feel rest
1868,the person being praised should be the one who did the good thing
1869,football players kick footballs but don't sell them
1870,many animals haven't been tamed
1871,Christmas trees are artificial products
1872,sun bathing can't make things cleaner
1873,taking a taxi doesn't require tickets
1874,people have the freedom to smoke in their home
1875,notes taken in the class record what the teachers said
1876,it's difficult to fall asleep in a noisy place
1877,things in an opening house are easy to be stolen
1878,Dead people can't hear and talk
1879,there are no sweat glands in the eyes
1880,Walls are usually opaque
1881,People need high temperature to roast meat
1882,People shouldn't go through the fence
1883,wearing oversize clothes makes people uncomfortable
1884,Those who break the contract will be punished
1885,Rat's teeth are harder than wood
1886,Wolves eat sheep
1887,College students have different majors
1888,instant noodles are junk food
1889,Programmers need computers to programme
1890,cheating is bad and prohibited
1891,weakness is not good quality
1892,human rarely eats the tiger meat
1893,what is used in the sprint are legs instead of arms
1894,formal clothes are not designed for sports at all
1895,the train can't float on water
1896,pigs are mammals
1897,we can't access noddles from bows by knives conveniently
1898,birds are not mammals
1899,Plastics cannot conduct electricity
1900,The future is unpredictable
1901,water cannot disinfect the skin
1902,it's too bumpy to draw paintings on a bus
1903,people usually don't feel hungry after just having a meal
1904,people usually cannot cook and eat at the same time
1905,a human will not survive such a fall without any protection
1906,a dog can't fly
1907,having a cold shower will worsen the cold
1908,ears are for listening instead of smelling
1909,sleeping too much is unhealthy
1910,it's very hot in the summer
1911,frogs can live given enough water
1912,microwave ovens are used to heat food
1913,rocks will not burn
1914,an umbrella will keep you dry in the rain
1915,people usually cannot ski and watch TV at the same time
1916,cameras are not for drawing pictures
1917,poles are too long to be used as a tableware
1918,you don't need to dry towels that are already dry
1919,resting is not a kind of exercise
1920,computers are not desserts
1921,baskets cannot bring warmth to people
1922,most students take classes to learn rather than play
1923,people usually enjoy eating nice food
1924,you wear shoes on your feet instead of your hands
1925,it's very hot when it is above ninety degrees
1926,you cannot write on a cake
1927,people usually don't feel angry when they hear good news
1928,an unhappy person usually keeps his lips closed tightly
1929,it's improper to paint on dust and stains
1930,a ticket is used to take a bus no matter who buys it
1931,people don't visit those they distrust
1932,if a balloon is pricked it will shrink immediately
1933,quietness is a sign of dull conversation
1934,a finger is a limb of a human hand
1935,the clothes can't be washed without water
1936,a picture has nothing to do with air tightness in a ball
1937,a conversation is usually more active with more people
1938,music is usually composed of several different sounds
1939,vehicles have lights for cloudy days
1940,the change of human figure reflects on the size of the clothes
1941,darker clouds is a forecast of rain
1942,to hold the soap relies on the texture of his hand and the soap
1943,glue is not an effective tool when it comes to cloth and button
1944,a pair of sunglasses helps people disguise
1945,the increase of taxes usually dissatisfies the people
1946,people don't usually receive too many letters in five minutes
1947,ripeness is a sign of being edible
1948,the dough is usually soft so it won't break in crumbles
1949,blister appears when two substances rub against each other
1950,the glass will be fogged up in warmer places
1951,a record of a boring show is of no value
1952,a comedy movie doesn't make people afraid of sleeping
1953,the hospital is not a good place for learning medical knowledge
1954,friends usually don't get revenge on each other
1955,people who sit close to each other don't necessarily look alike
1956,checking several times usually lower the error rate in the calculation
1957,a hamburger is a major food in fast food
1958,to scrub the stain is to remove the dirt
1959,an egg will become solid if it's boiled
1960,if people crash a party they are usually without an invitation
1961,people take showers when they get dirt or sweat on their body but not when a new soap is opened
1962,"if the warranty of a laptop expires, the life of the laptop won't halt"
1963,a book adapted in to a movie is usually popular
1964,extra stress in work usually force people to switch to another career
1965,"sunscreen is to protect the swimmers from sunshine, it can do nothing to the ocean tide"
1966,a mental illness needs to be treated by a psychologist
1967,an aggressive football coach loved to yell at his players to encourage them during the game
1968,a cut needs a relatively long time to heal no matter what was applied
1969,a pair of clean hands can't combat virus inside the human body
1970,a new air conditioner is for cooling down the air
1971,people clear their throats when they are going to make an important speech
1972,people usually don't feel good when then are kicked
1973,the music in a party means it's not over yet
1974,wallet stores don't sell wallets with cash in it
1975,playing computer games doesn't help much in building muscles
1976,to boil something is to provide extra heat
1977,the temperature of the soup doesn't affect its thickness
1978,to mock someone is to say something without physical contact
1979,a gun can't shoot without ammunition
1980,people usually drink during eating to relieve special tastes
1981,a deadly medical procedure is never allowed on a patient
1982,my doll needs not eating
1983,houses are too heavy for human beings to carry
1984,a cat is exposed to the rain above a car
1985,a deaf person cannot hear a phone call
1986,everybody writes on a written examination
1987,losing weight when too thin is unhealthy
1988,a doctor is meant to cure diseases
1989,the restaurant doesn't have the equipment for taking a shower
1990,cars can't work in water
1991,mud can only make clothes dirtier
1992,bread has no words on it
1993,there are only seven days in a week
1994,a hospital is designed for patients
1995,birds cannot live in the water
1996,a nightgown is not for formal occasions
1997,rabbits are too small for heavy loads
1998,magic doesn't exist in real world
1999,books cannot transfer digital data
2000,a dragon doesn't exist in reality
2001,bags cannot make marks
2002,an iceburg is not for eating
2003,no mountains are located on a piece of paper
2004,deserts are too dry for banana trees to grow
2005,salt is nonflammable
2006,a library is not a place for meals
2007,rings cannot create shadows big enough for human beings to hide
2008,the Best Singer Award is presented to a singer
2009,water does not influence people's reaction speed
2010,leaves grow on plants rather than animals
2011,a cat cannot speak French
2012,India is located in Asia
2013,Japan is an island country
2014,Bob cannot work efficiently when sleepy
2015,kicking the judge is against the rule
2016,water is a kind of liquid
2017,shampoo is used to wash hair
2018,a dinosaur is not an existing creature anymore
2019,shoes are almost impossible to be blown away
2020,taking sleeping pills makes people sleep soundly
2021,people only bleed when they are wounded